artifact,prop_min,node_id_min,prop_max,node_id_max,prop_mean
artifact0,300,node1,300,node3,300.0
artifact1,301,node1,301,node3,301.0
artifact10,310,node1,310,node3,310.0
artifact100,400,node1,400,node3,400.0
artifact1000,1300,node1,1300,node3,1300.0
artifact1001,1301,node1,1301,node3,1301.0
artifact1002,1302,node1,1302,node3,1302.0
artifact1003,1303,node1,1303,node3,1303.0
artifact1004,1304,node1,1304,node3,1304.0
artifact1005,1305,node1,1305,node3,1305.0
artifact1006,1306,node1,1306,node3,1306.0
artifact1007,1307,node1,1307,node3,1307.0
artifact1008,1308,node1,1308,node3,1308.0
artifact1009,1309,node1,1309,node3,1309.0
artifact101,401,node1,401,node3,401.0
artifact1010,1310,node1,1310,node3,1310.0
artifact1011,1311,node1,1311,node3,1311.0
artifact1012,1312,node1,1312,node3,1312.0
artifact1013,1313,node1,1313,node3,1313.0
artifact1014,1314,node1,1314,node3,1314.0
artifact1015,1315,node1,1315,node3,1315.0
artifact1016,1316,node1,1316,node3,1316.0
artifact1017,1317,node1,1317,node3,1317.0
artifact1018,1318,node1,1318,node3,1318.0
artifact1019,1319,node1,1319,node3,1319.0
artifact102,402,node1,402,node3,402.0
artifact1020,1320,node1,1320,node3,1320.0
artifact1021,1321,node1,1321,node3,1321.0
artifact1022,1322,node1,1322,node3,1322.0
artifact1023,1323,node1,1323,node3,1323.0
artifact1024,1324,node1,1324,node3,1324.0
artifact1025,1325,node1,1325,node3,1325.0
artifact1026,1326,node1,1326,node3,1326.0
artifact1027,1327,node1,1327,node3,1327.0
artifact1028,1328,node1,1328,node3,1328.0
artifact1029,1329,node1,1329,node3,1329.0
artifact103,403,node1,403,node3,403.0
artifact1030,1330,node1,1330,node3,1330.0
artifact1031,1331,node1,1331,node3,1331.0
artifact1032,1332,node1,1332,node3,1332.0
artifact1033,1333,node1,1333,node3,1333.0
artifact1034,1334,node1,1334,node3,1334.0
artifact1035,1335,node1,1335,node3,1335.0
artifact1036,1336,node1,1336,node3,1336.0
artifact1037,1337,node1,1337,node3,1337.0
artifact1038,1338,node1,1338,node3,1338.0
artifact1039,1339,node1,1339,node3,1339.0
artifact104,404,node1,404,node3,404.0
artifact1040,1340,node1,1340,node3,1340.0
artifact1041,1341,node1,1341,node3,1341.0
artifact1042,1342,node1,1342,node3,1342.0
artifact1043,1343,node1,1343,node3,1343.0
artifact1044,1344,node1,1344,node3,1344.0
artifact1045,1345,node1,1345,node3,1345.0
artifact1046,1346,node1,1346,node3,1346.0
artifact1047,1347,node1,1347,node3,1347.0
artifact1048,1348,node1,1348,node3,1348.0
artifact1049,1349,node1,1349,node3,1349.0
artifact105,405,node1,405,node3,405.0
artifact1050,1350,node1,1350,node3,1350.0
artifact1051,1351,node1,1351,node3,1351.0
artifact1052,1352,node1,1352,node3,1352.0
artifact1053,1353,node1,1353,node3,1353.0
artifact1054,1354,node1,1354,node3,1354.0
artifact1055,1355,node1,1355,node3,1355.0
artifact1056,1356,node1,1356,node3,1356.0
artifact1057,1357,node1,1357,node3,1357.0
artifact1058,1358,node1,1358,node3,1358.0
artifact1059,1359,node1,1359,node3,1359.0
artifact106,406,node1,406,node3,406.0
artifact1060,1360,node1,1360,node3,1360.0
artifact1061,1361,node1,1361,node3,1361.0
artifact1062,1362,node1,1362,node3,1362.0
artifact1063,1363,node1,1363,node3,1363.0
artifact1064,1364,node1,1364,node3,1364.0
artifact1065,1365,node1,1365,node3,1365.0
artifact1066,1366,node1,1366,node3,1366.0
artifact1067,1367,node1,1367,node3,1367.0
artifact1068,1368,node1,1368,node3,1368.0
artifact1069,1369,node1,1369,node3,1369.0
artifact107,407,node1,407,node3,407.0
artifact1070,1370,node1,1370,node3,1370.0
artifact1071,1371,node1,1371,node3,1371.0
artifact1072,1372,node1,1372,node3,1372.0
artifact1073,1373,node1,1373,node3,1373.0
artifact1074,1374,node1,1374,node3,1374.0
artifact1075,1375,node1,1375,node3,1375.0
artifact1076,1376,node1,1376,node3,1376.0
artifact1077,1377,node1,1377,node3,1377.0
artifact1078,1378,node1,1378,node3,1378.0
artifact1079,1379,node1,1379,node3,1379.0
artifact108,408,node1,408,node3,408.0
artifact1080,1380,node1,1380,node3,1380.0
artifact1081,1381,node1,1381,node3,1381.0
artifact1082,1382,node1,1382,node3,1382.0
artifact1083,1383,node1,1383,node3,1383.0
artifact1084,1384,node1,1384,node3,1384.0
artifact1085,1385,node1,1385,node3,1385.0
artifact1086,1386,node1,1386,node3,1386.0
artifact1087,1387,node1,1387,node3,1387.0
artifact1088,1388,node1,1388,node3,1388.0
artifact1089,1389,node1,1389,node3,1389.0
artifact109,409,node1,409,node3,409.0
artifact1090,1390,node1,1390,node3,1390.0
artifact1091,1391,node1,1391,node3,1391.0
artifact1092,1392,node1,1392,node3,1392.0
artifact1093,1393,node1,1393,node3,1393.0
artifact1094,1394,node1,1394,node3,1394.0
artifact1095,1395,node1,1395,node3,1395.0
artifact1096,1396,node1,1396,node3,1396.0
artifact1097,1397,node1,1397,node3,1397.0
artifact1098,1398,node1,1398,node3,1398.0
artifact1099,1399,node1,1399,node3,1399.0
artifact11,311,node1,311,node3,311.0
artifact110,410,node1,410,node3,410.0
artifact1100,1400,node1,1400,node3,1400.0
artifact1101,1401,node1,1401,node3,1401.0
artifact1102,1402,node1,1402,node3,1402.0
artifact1103,1403,node1,1403,node3,1403.0
artifact1104,1404,node1,1404,node3,1404.0
artifact1105,1405,node1,1405,node3,1405.0
artifact1106,1406,node1,1406,node3,1406.0
artifact1107,1407,node1,1407,node3,1407.0
artifact1108,1408,node1,1408,node3,1408.0
artifact1109,1409,node1,1409,node3,1409.0
artifact111,411,node1,411,node3,411.0
artifact1110,1410,node1,1410,node3,1410.0
artifact1111,1411,node1,1411,node3,1411.0
artifact1112,1412,node1,1412,node3,1412.0
artifact1113,1413,node1,1413,node3,1413.0
artifact1114,1414,node1,1414,node3,1414.0
artifact1115,1415,node1,1415,node3,1415.0
artifact1116,1416,node1,1416,node3,1416.0
artifact1117,1417,node1,1417,node3,1417.0
artifact1118,1418,node1,1418,node3,1418.0
artifact1119,1419,node1,1419,node3,1419.0
artifact112,412,node1,412,node3,412.0
artifact1120,1420,node1,1420,node3,1420.0
artifact1121,1421,node1,1421,node3,1421.0
artifact1122,1422,node1,1422,node3,1422.0
artifact1123,1423,node1,1423,node3,1423.0
artifact1124,1424,node1,1424,node3,1424.0
artifact1125,1425,node1,1425,node3,1425.0
artifact1126,1426,node1,1426,node3,1426.0
artifact1127,1427,node1,1427,node3,1427.0
artifact1128,1428,node1,1428,node3,1428.0
artifact1129,1429,node1,1429,node3,1429.0
artifact113,413,node1,413,node3,413.0
artifact1130,1430,node1,1430,node3,1430.0
artifact1131,1431,node1,1431,node3,1431.0
artifact1132,1432,node1,1432,node3,1432.0
artifact1133,1433,node1,1433,node3,1433.0
artifact1134,1434,node1,1434,node3,1434.0
artifact1135,1435,node1,1435,node3,1435.0
artifact1136,1436,node1,1436,node3,1436.0
artifact1137,1437,node1,1437,node3,1437.0
artifact1138,1438,node1,1438,node3,1438.0
artifact1139,1439,node1,1439,node3,1439.0
artifact114,414,node1,414,node3,414.0
artifact1140,1440,node1,1440,node3,1440.0
artifact1141,1441,node1,1441,node3,1441.0
artifact1142,1442,node1,1442,node3,1442.0
artifact1143,1443,node1,1443,node3,1443.0
artifact1144,1444,node1,1444,node3,1444.0
artifact1145,1445,node1,1445,node3,1445.0
artifact1146,1446,node1,1446,node3,1446.0
artifact1147,1447,node1,1447,node3,1447.0
artifact1148,1448,node1,1448,node3,1448.0
artifact1149,1449,node1,1449,node3,1449.0
artifact115,415,node1,415,node3,415.0
artifact1150,1450,node1,1450,node3,1450.0
artifact1151,1451,node1,1451,node3,1451.0
artifact1152,1452,node1,1452,node3,1452.0
artifact1153,1453,node1,1453,node3,1453.0
artifact1154,1454,node1,1454,node3,1454.0
artifact1155,1455,node1,1455,node3,1455.0
artifact1156,1456,node1,1456,node3,1456.0
artifact1157,1457,node1,1457,node3,1457.0
artifact1158,1458,node1,1458,node3,1458.0
artifact1159,1459,node1,1459,node3,1459.0
artifact116,416,node1,416,node3,416.0
artifact1160,1460,node1,1460,node3,1460.0
artifact1161,1461,node1,1461,node3,1461.0
artifact1162,1462,node1,1462,node3,1462.0
artifact1163,1463,node1,1463,node3,1463.0
artifact1164,1464,node1,1464,node3,1464.0
artifact1165,1465,node1,1465,node3,1465.0
artifact1166,1466,node1,1466,node3,1466.0
artifact1167,1467,node1,1467,node3,1467.0
artifact1168,1468,node1,1468,node3,1468.0
artifact1169,1469,node1,1469,node3,1469.0
artifact117,417,node1,417,node3,417.0
artifact1170,1470,node1,1470,node3,1470.0
artifact1171,1471,node1,1471,node3,1471.0
artifact1172,1472,node1,1472,node3,1472.0
artifact1173,1473,node1,1473,node3,1473.0
artifact1174,1474,node1,1474,node3,1474.0
artifact1175,1475,node1,1475,node3,1475.0
artifact1176,1476,node1,1476,node3,1476.0
artifact1177,1477,node1,1477,node3,1477.0
artifact1178,1478,node1,1478,node3,1478.0
artifact1179,1479,node1,1479,node3,1479.0
artifact118,418,node1,418,node3,418.0
artifact1180,1480,node1,1480,node3,1480.0
artifact1181,1481,node1,1481,node3,1481.0
artifact1182,1482,node1,1482,node3,1482.0
artifact1183,1483,node1,1483,node3,1483.0
artifact1184,1484,node1,1484,node3,1484.0
artifact1185,1485,node1,1485,node3,1485.0
artifact1186,1486,node1,1486,node3,1486.0
artifact1187,1487,node1,1487,node3,1487.0
artifact1188,1488,node1,1488,node3,1488.0
artifact1189,1489,node1,1489,node3,1489.0
artifact119,419,node1,419,node3,419.0
artifact1190,1490,node1,1490,node3,1490.0
artifact1191,1491,node1,1491,node3,1491.0
artifact1192,1492,node1,1492,node3,1492.0
artifact1193,1493,node1,1493,node3,1493.0
artifact1194,1494,node1,1494,node3,1494.0
artifact1195,1495,node1,1495,node3,1495.0
artifact1196,1496,node1,1496,node3,1496.0
artifact1197,1497,node1,1497,node3,1497.0
artifact1198,1498,node1,1498,node3,1498.0
artifact1199,1499,node1,1499,node3,1499.0
artifact12,312,node1,312,node3,312.0
artifact120,420,node1,420,node3,420.0
artifact1200,1500,node1,1500,node3,1500.0
artifact1201,1501,node1,1501,node3,1501.0
artifact1202,1502,node1,1502,node3,1502.0
artifact1203,1503,node1,1503,node3,1503.0
artifact1204,1504,node1,1504,node3,1504.0
artifact1205,1505,node1,1505,node3,1505.0
artifact1206,1506,node1,1506,node3,1506.0
artifact1207,1507,node1,1507,node3,1507.0
artifact1208,1508,node1,1508,node3,1508.0
artifact1209,1509,node1,1509,node3,1509.0
artifact121,421,node1,421,node3,421.0
artifact1210,1510,node1,1510,node3,1510.0
artifact1211,1511,node1,1511,node3,1511.0
artifact1212,1512,node1,1512,node3,1512.0
artifact1213,1513,node1,1513,node3,1513.0
artifact1214,1514,node1,1514,node3,1514.0
artifact1215,1515,node1,1515,node3,1515.0
artifact1216,1516,node1,1516,node3,1516.0
artifact1217,1517,node1,1517,node3,1517.0
artifact1218,1518,node1,1518,node3,1518.0
artifact1219,1519,node1,1519,node3,1519.0
artifact122,422,node1,422,node3,422.0
artifact1220,1520,node1,1520,node3,1520.0
artifact1221,1521,node1,1521,node3,1521.0
artifact1222,1522,node1,1522,node3,1522.0
artifact1223,1523,node1,1523,node3,1523.0
artifact1224,1524,node1,1524,node3,1524.0
artifact1225,1525,node1,1525,node3,1525.0
artifact1226,1526,node1,1526,node3,1526.0
artifact1227,1527,node1,1527,node3,1527.0
artifact1228,1528,node1,1528,node3,1528.0
artifact1229,1529,node1,1529,node3,1529.0
artifact123,423,node1,423,node3,423.0
artifact1230,1530,node1,1530,node3,1530.0
artifact1231,1531,node1,1531,node3,1531.0
artifact1232,1532,node1,1532,node3,1532.0
artifact1233,1533,node1,1533,node3,1533.0
artifact1234,1534,node1,1534,node3,1534.0
artifact1235,1535,node1,1535,node3,1535.0
artifact1236,1536,node1,1536,node3,1536.0
artifact1237,1537,node1,1537,node3,1537.0
artifact1238,1538,node1,1538,node3,1538.0
artifact1239,1539,node1,1539,node3,1539.0
artifact124,424,node1,424,node3,424.0
artifact1240,1540,node1,1540,node3,1540.0
artifact1241,1541,node1,1541,node3,1541.0
artifact1242,1542,node1,1542,node3,1542.0
artifact1243,1543,node1,1543,node3,1543.0
artifact1244,1544,node1,1544,node3,1544.0
artifact1245,1545,node1,1545,node3,1545.0
artifact1246,1546,node1,1546,node3,1546.0
artifact1247,1547,node1,1547,node3,1547.0
artifact1248,1548,node1,1548,node3,1548.0
artifact1249,1549,node1,1549,node3,1549.0
artifact125,425,node1,425,node3,425.0
artifact1250,1550,node1,1550,node3,1550.0
artifact1251,1551,node1,1551,node3,1551.0
artifact1252,1552,node1,1552,node3,1552.0
artifact1253,1553,node1,1553,node3,1553.0
artifact1254,1554,node1,1554,node3,1554.0
artifact1255,1555,node1,1555,node3,1555.0
artifact1256,1556,node1,1556,node3,1556.0
artifact1257,1557,node1,1557,node3,1557.0
artifact1258,1558,node1,1558,node3,1558.0
artifact1259,1559,node1,1559,node3,1559.0
artifact126,426,node1,426,node3,426.0
artifact1260,1560,node1,1560,node3,1560.0
artifact1261,1561,node1,1561,node3,1561.0
artifact1262,1562,node1,1562,node3,1562.0
artifact1263,1563,node1,1563,node3,1563.0
artifact1264,1564,node1,1564,node3,1564.0
artifact1265,1565,node1,1565,node3,1565.0
artifact1266,1566,node1,1566,node3,1566.0
artifact1267,1567,node1,1567,node3,1567.0
artifact1268,1568,node1,1568,node3,1568.0
artifact1269,1569,node1,1569,node3,1569.0
artifact127,427,node1,427,node3,427.0
artifact1270,1570,node1,1570,node3,1570.0
artifact1271,1571,node1,1571,node3,1571.0
artifact1272,1572,node1,1572,node3,1572.0
artifact1273,1573,node1,1573,node3,1573.0
artifact1274,1574,node1,1574,node3,1574.0
artifact1275,1575,node1,1575,node3,1575.0
artifact1276,1576,node1,1576,node3,1576.0
artifact1277,1577,node1,1577,node3,1577.0
artifact1278,1578,node1,1578,node3,1578.0
artifact1279,1579,node1,1579,node3,1579.0
artifact128,428,node1,428,node3,428.0
artifact1280,1580,node1,1580,node3,1580.0
artifact1281,1581,node1,1581,node3,1581.0
artifact1282,1582,node1,1582,node3,1582.0
artifact1283,1583,node1,1583,node3,1583.0
artifact1284,1584,node1,1584,node3,1584.0
artifact1285,1585,node1,1585,node3,1585.0
artifact1286,1586,node1,1586,node3,1586.0
artifact1287,1587,node1,1587,node3,1587.0
artifact1288,1588,node1,1588,node3,1588.0
artifact1289,1589,node1,1589,node3,1589.0
artifact129,429,node1,429,node3,429.0
artifact1290,1590,node1,1590,node3,1590.0
artifact1291,1591,node1,1591,node3,1591.0
artifact1292,1592,node1,1592,node3,1592.0
artifact1293,1593,node1,1593,node3,1593.0
artifact1294,1594,node1,1594,node3,1594.0
artifact1295,1595,node1,1595,node3,1595.0
artifact1296,1596,node1,1596,node3,1596.0
artifact1297,1597,node1,1597,node3,1597.0
artifact1298,1598,node1,1598,node3,1598.0
artifact1299,1599,node1,1599,node3,1599.0
artifact13,313,node1,313,node3,313.0
artifact130,430,node1,430,node3,430.0
artifact1300,1600,node1,1600,node3,1600.0
artifact1301,1601,node1,1601,node3,1601.0
artifact1302,1602,node1,1602,node3,1602.0
artifact1303,1603,node1,1603,node3,1603.0
artifact1304,1604,node1,1604,node3,1604.0
artifact1305,1605,node1,1605,node3,1605.0
artifact1306,1606,node1,1606,node3,1606.0
artifact1307,1607,node1,1607,node3,1607.0
artifact1308,1608,node1,1608,node3,1608.0
artifact1309,1609,node1,1609,node3,1609.0
artifact131,431,node1,431,node3,431.0
artifact1310,1610,node1,1610,node3,1610.0
artifact1311,1611,node1,1611,node3,1611.0
artifact1312,1612,node1,1612,node3,1612.0
artifact1313,1613,node1,1613,node3,1613.0
artifact1314,1614,node1,1614,node3,1614.0
artifact1315,1615,node1,1615,node3,1615.0
artifact1316,1616,node1,1616,node3,1616.0
artifact1317,1617,node1,1617,node3,1617.0
artifact1318,1618,node1,1618,node3,1618.0
artifact1319,1619,node1,1619,node3,1619.0
artifact132,432,node1,432,node3,432.0
artifact1320,1620,node1,1620,node3,1620.0
artifact1321,1621,node1,1621,node3,1621.0
artifact1322,1622,node1,1622,node3,1622.0
artifact1323,1623,node1,1623,node3,1623.0
artifact1324,1624,node1,1624,node3,1624.0
artifact1325,1625,node1,1625,node3,1625.0
artifact1326,1626,node1,1626,node3,1626.0
artifact1327,1627,node1,1627,node3,1627.0
artifact1328,1628,node1,1628,node3,1628.0
artifact1329,1629,node1,1629,node3,1629.0
artifact133,433,node1,433,node3,433.0
artifact1330,1630,node1,1630,node3,1630.0
artifact1331,1631,node1,1631,node3,1631.0
artifact1332,1632,node1,1632,node3,1632.0
artifact1333,1633,node1,1633,node3,1633.0
artifact1334,1634,node1,1634,node3,1634.0
artifact1335,1635,node1,1635,node3,1635.0
artifact1336,1636,node1,1636,node3,1636.0
artifact1337,1637,node1,1637,node3,1637.0
artifact1338,1638,node1,1638,node3,1638.0
artifact1339,1639,node1,1639,node3,1639.0
artifact134,434,node1,434,node3,434.0
artifact1340,1640,node1,1640,node3,1640.0
artifact1341,1641,node1,1641,node3,1641.0
artifact1342,1642,node1,1642,node3,1642.0
artifact1343,1643,node1,1643,node3,1643.0
artifact1344,1644,node1,1644,node3,1644.0
artifact1345,1645,node1,1645,node3,1645.0
artifact1346,1646,node1,1646,node3,1646.0
artifact1347,1647,node1,1647,node3,1647.0
artifact1348,1648,node1,1648,node3,1648.0
artifact1349,1649,node1,1649,node3,1649.0
artifact135,435,node1,435,node3,435.0
artifact1350,1650,node1,1650,node3,1650.0
artifact1351,1651,node1,1651,node3,1651.0
artifact1352,1652,node1,1652,node3,1652.0
artifact1353,1653,node1,1653,node3,1653.0
artifact1354,1654,node1,1654,node3,1654.0
artifact1355,1655,node1,1655,node3,1655.0
artifact1356,1656,node1,1656,node3,1656.0
artifact1357,1657,node1,1657,node3,1657.0
artifact1358,1658,node1,1658,node3,1658.0
artifact1359,1659,node1,1659,node3,1659.0
artifact136,436,node1,436,node3,436.0
artifact1360,1660,node1,1660,node3,1660.0
artifact1361,1661,node1,1661,node3,1661.0
artifact1362,1662,node1,1662,node3,1662.0
artifact1363,1663,node1,1663,node3,1663.0
artifact1364,1664,node1,1664,node3,1664.0
artifact1365,1665,node1,1665,node3,1665.0
artifact1366,1666,node1,1666,node3,1666.0
artifact1367,1667,node1,1667,node3,1667.0
artifact1368,1668,node1,1668,node3,1668.0
artifact1369,1669,node1,1669,node3,1669.0
artifact137,437,node1,437,node3,437.0
artifact1370,1670,node1,1670,node3,1670.0
artifact1371,1671,node1,1671,node3,1671.0
artifact1372,1672,node1,1672,node3,1672.0
artifact1373,1673,node1,1673,node3,1673.0
artifact1374,1674,node1,1674,node3,1674.0
artifact1375,1675,node1,1675,node3,1675.0
artifact1376,1676,node1,1676,node3,1676.0
artifact1377,1677,node1,1677,node3,1677.0
artifact1378,1678,node1,1678,node3,1678.0
artifact1379,1679,node1,1679,node3,1679.0
artifact138,438,node1,438,node3,438.0
artifact1380,1680,node1,1680,node3,1680.0
artifact1381,1681,node1,1681,node3,1681.0
artifact1382,1682,node1,1682,node3,1682.0
artifact1383,1683,node1,1683,node3,1683.0
artifact1384,1684,node1,1684,node3,1684.0
artifact1385,1685,node1,1685,node3,1685.0
artifact1386,1686,node1,1686,node3,1686.0
artifact1387,1687,node1,1687,node3,1687.0
artifact1388,1688,node1,1688,node3,1688.0
artifact1389,1689,node1,1689,node3,1689.0
artifact139,439,node1,439,node3,439.0
artifact1390,1690,node1,1690,node3,1690.0
artifact1391,1691,node1,1691,node3,1691.0
artifact1392,1692,node1,1692,node3,1692.0
artifact1393,1693,node1,1693,node3,1693.0
artifact1394,1694,node1,1694,node3,1694.0
artifact1395,1695,node1,1695,node3,1695.0
artifact1396,1696,node1,1696,node3,1696.0
artifact1397,1697,node1,1697,node3,1697.0
artifact1398,1698,node1,1698,node3,1698.0
artifact1399,1699,node1,1699,node3,1699.0
artifact14,314,node1,314,node3,314.0
artifact140,440,node1,440,node3,440.0
artifact1400,1700,node1,1700,node3,1700.0
artifact1401,1701,node1,1701,node3,1701.0
artifact1402,1702,node1,1702,node3,1702.0
artifact1403,1703,node1,1703,node3,1703.0
artifact1404,1704,node1,1704,node3,1704.0
artifact1405,1705,node1,1705,node3,1705.0
artifact1406,1706,node1,1706,node3,1706.0
artifact1407,1707,node1,1707,node3,1707.0
artifact1408,1708,node1,1708,node3,1708.0
artifact1409,1709,node1,1709,node3,1709.0
artifact141,441,node1,441,node3,441.0
artifact1410,1710,node1,1710,node3,1710.0
artifact1411,1711,node1,1711,node3,1711.0
artifact1412,1712,node1,1712,node3,1712.0
artifact1413,1713,node1,1713,node3,1713.0
artifact1414,1714,node1,1714,node3,1714.0
artifact1415,1715,node1,1715,node3,1715.0
artifact1416,1716,node1,1716,node3,1716.0
artifact1417,1717,node1,1717,node3,1717.0
artifact1418,1718,node1,1718,node3,1718.0
artifact1419,1719,node1,1719,node3,1719.0
artifact142,442,node1,442,node3,442.0
artifact1420,1720,node1,1720,node3,1720.0
artifact1421,1721,node1,1721,node3,1721.0
artifact1422,1722,node1,1722,node3,1722.0
artifact1423,1723,node1,1723,node3,1723.0
artifact1424,1724,node1,1724,node3,1724.0
artifact1425,1725,node1,1725,node3,1725.0
artifact1426,1726,node1,1726,node3,1726.0
artifact1427,1727,node1,1727,node3,1727.0
artifact1428,1728,node1,1728,node3,1728.0
artifact1429,1729,node1,1729,node3,1729.0
artifact143,443,node1,443,node3,443.0
artifact1430,1730,node1,1730,node3,1730.0
artifact1431,1731,node1,1731,node3,1731.0
artifact1432,1732,node1,1732,node3,1732.0
artifact1433,1733,node1,1733,node3,1733.0
artifact1434,1734,node1,1734,node3,1734.0
artifact1435,1735,node1,1735,node3,1735.0
artifact1436,1736,node1,1736,node3,1736.0
artifact1437,1737,node1,1737,node3,1737.0
artifact1438,1738,node1,1738,node3,1738.0
artifact1439,1739,node1,1739,node3,1739.0
artifact144,444,node1,444,node3,444.0
artifact1440,1740,node1,1740,node3,1740.0
artifact1441,1741,node1,1741,node3,1741.0
artifact1442,1742,node1,1742,node3,1742.0
artifact1443,1743,node1,1743,node3,1743.0
artifact1444,1744,node1,1744,node3,1744.0
artifact1445,1745,node1,1745,node3,1745.0
artifact1446,1746,node1,1746,node3,1746.0
artifact1447,1747,node1,1747,node3,1747.0
artifact1448,1748,node1,1748,node3,1748.0
artifact1449,1749,node1,1749,node3,1749.0
artifact145,445,node1,445,node3,445.0
artifact1450,1750,node1,1750,node3,1750.0
artifact1451,1751,node1,1751,node3,1751.0
artifact1452,1752,node1,1752,node3,1752.0
artifact1453,1753,node1,1753,node3,1753.0
artifact1454,1754,node1,1754,node3,1754.0
artifact1455,1755,node1,1755,node3,1755.0
artifact1456,1756,node1,1756,node3,1756.0
artifact1457,1757,node1,1757,node3,1757.0
artifact1458,1758,node1,1758,node3,1758.0
artifact1459,1759,node1,1759,node3,1759.0
artifact146,446,node1,446,node3,446.0
artifact1460,1760,node1,1760,node3,1760.0
artifact1461,1761,node1,1761,node3,1761.0
artifact1462,1762,node1,1762,node3,1762.0
artifact1463,1763,node1,1763,node3,1763.0
artifact1464,1764,node1,1764,node3,1764.0
artifact1465,1765,node1,1765,node3,1765.0
artifact1466,1766,node1,1766,node3,1766.0
artifact1467,1767,node1,1767,node3,1767.0
artifact1468,1768,node1,1768,node3,1768.0
artifact1469,1769,node1,1769,node3,1769.0
artifact147,447,node1,447,node3,447.0
artifact1470,1770,node1,1770,node3,1770.0
artifact1471,1771,node1,1771,node3,1771.0
artifact1472,1772,node1,1772,node3,1772.0
artifact1473,1773,node1,1773,node3,1773.0
artifact1474,1774,node1,1774,node3,1774.0
artifact1475,1775,node1,1775,node3,1775.0
artifact1476,1776,node1,1776,node3,1776.0
artifact1477,1777,node1,1777,node3,1777.0
artifact1478,1778,node1,1778,node3,1778.0
artifact1479,1779,node1,1779,node3,1779.0
artifact148,448,node1,448,node3,448.0
artifact1480,1780,node1,1780,node3,1780.0
artifact1481,1781,node1,1781,node3,1781.0
artifact1482,1782,node1,1782,node3,1782.0
artifact1483,1783,node1,1783,node3,1783.0
artifact1484,1784,node1,1784,node3,1784.0
artifact1485,1785,node1,1785,node3,1785.0
artifact1486,1786,node1,1786,node3,1786.0
artifact1487,1787,node1,1787,node3,1787.0
artifact1488,1788,node1,1788,node3,1788.0
artifact1489,1789,node1,1789,node3,1789.0
artifact149,449,node1,449,node3,449.0
artifact1490,1790,node1,1790,node3,1790.0
artifact1491,1791,node1,1791,node3,1791.0
artifact1492,1792,node1,1792,node3,1792.0
artifact1493,1793,node1,1793,node3,1793.0
artifact1494,1794,node1,1794,node3,1794.0
artifact1495,1795,node1,1795,node3,1795.0
artifact1496,1796,node1,1796,node3,1796.0
artifact1497,1797,node1,1797,node3,1797.0
artifact1498,1798,node1,1798,node3,1798.0
artifact1499,1799,node1,1799,node3,1799.0
artifact15,315,node1,315,node3,315.0
artifact150,450,node1,450,node3,450.0
artifact1500,1800,node1,1800,node3,1800.0
artifact1501,1801,node1,1801,node3,1801.0
artifact1502,1802,node1,1802,node3,1802.0
artifact1503,1803,node1,1803,node3,1803.0
artifact1504,1804,node1,1804,node3,1804.0
artifact1505,1805,node1,1805,node3,1805.0
artifact1506,1806,node1,1806,node3,1806.0
artifact1507,1807,node1,1807,node3,1807.0
artifact1508,1808,node1,1808,node3,1808.0
artifact1509,1809,node1,1809,node3,1809.0
artifact151,451,node1,451,node3,451.0
artifact1510,1810,node1,1810,node3,1810.0
artifact1511,1811,node1,1811,node3,1811.0
artifact1512,1812,node1,1812,node3,1812.0
artifact1513,1813,node1,1813,node3,1813.0
artifact1514,1814,node1,1814,node3,1814.0
artifact1515,1815,node1,1815,node3,1815.0
artifact1516,1816,node1,1816,node3,1816.0
artifact1517,1817,node1,1817,node3,1817.0
artifact1518,1818,node1,1818,node3,1818.0
artifact1519,1819,node1,1819,node3,1819.0
artifact152,452,node1,452,node3,452.0
artifact1520,1820,node1,1820,node3,1820.0
artifact1521,1821,node1,1821,node3,1821.0
artifact1522,1822,node1,1822,node3,1822.0
artifact1523,1823,node1,1823,node3,1823.0
artifact1524,1824,node1,1824,node3,1824.0
artifact1525,1825,node1,1825,node3,1825.0
artifact1526,1826,node1,1826,node3,1826.0
artifact1527,1827,node1,1827,node3,1827.0
artifact1528,1828,node1,1828,node3,1828.0
artifact1529,1829,node1,1829,node3,1829.0
artifact153,453,node1,453,node3,453.0
artifact1530,1830,node1,1830,node3,1830.0
artifact1531,1831,node1,1831,node3,1831.0
artifact1532,1832,node1,1832,node3,1832.0
artifact1533,1833,node1,1833,node3,1833.0
artifact1534,1834,node1,1834,node3,1834.0
artifact1535,1835,node1,1835,node3,1835.0
artifact1536,1836,node1,1836,node3,1836.0
artifact1537,1837,node1,1837,node3,1837.0
artifact1538,1838,node1,1838,node3,1838.0
artifact1539,1839,node1,1839,node3,1839.0
artifact154,454,node1,454,node3,454.0
artifact1540,1840,node1,1840,node3,1840.0
artifact1541,1841,node1,1841,node3,1841.0
artifact1542,1842,node1,1842,node3,1842.0
artifact1543,1843,node1,1843,node3,1843.0
artifact1544,1844,node1,1844,node3,1844.0
artifact1545,1845,node1,1845,node3,1845.0
artifact1546,1846,node1,1846,node3,1846.0
artifact1547,1847,node1,1847,node3,1847.0
artifact1548,1848,node1,1848,node3,1848.0
artifact1549,1849,node1,1849,node3,1849.0
artifact155,455,node1,455,node3,455.0
artifact1550,1850,node1,1850,node3,1850.0
artifact1551,1851,node1,1851,node3,1851.0
artifact1552,1852,node1,1852,node3,1852.0
artifact1553,1853,node1,1853,node3,1853.0
artifact1554,1854,node1,1854,node3,1854.0
artifact1555,1855,node1,1855,node3,1855.0
artifact1556,1856,node1,1856,node3,1856.0
artifact1557,1857,node1,1857,node3,1857.0
artifact1558,1858,node1,1858,node3,1858.0
artifact1559,1859,node1,1859,node3,1859.0
artifact156,456,node1,456,node3,456.0
artifact1560,1860,node1,1860,node3,1860.0
artifact1561,1861,node1,1861,node3,1861.0
artifact1562,1862,node1,1862,node3,1862.0
artifact1563,1863,node1,1863,node3,1863.0
artifact1564,1864,node1,1864,node3,1864.0
artifact1565,1865,node1,1865,node3,1865.0
artifact1566,1866,node1,1866,node3,1866.0
artifact1567,1867,node1,1867,node3,1867.0
artifact1568,1868,node1,1868,node3,1868.0
artifact1569,1869,node1,1869,node3,1869.0
artifact157,457,node1,457,node3,457.0
artifact1570,1870,node1,1870,node3,1870.0
artifact1571,1871,node1,1871,node3,1871.0
artifact1572,1872,node1,1872,node3,1872.0
artifact1573,1873,node1,1873,node3,1873.0
artifact1574,1874,node1,1874,node3,1874.0
artifact1575,1875,node1,1875,node3,1875.0
artifact1576,1876,node1,1876,node3,1876.0
artifact1577,1877,node1,1877,node3,1877.0
artifact1578,1878,node1,1878,node3,1878.0
artifact1579,1879,node1,1879,node3,1879.0
artifact158,458,node1,458,node3,458.0
artifact1580,1880,node1,1880,node3,1880.0
artifact1581,1881,node1,1881,node3,1881.0
artifact1582,1882,node1,1882,node3,1882.0
artifact1583,1883,node1,1883,node3,1883.0
artifact1584,1884,node1,1884,node3,1884.0
artifact1585,1885,node1,1885,node3,1885.0
artifact1586,1886,node1,1886,node3,1886.0
artifact1587,1887,node1,1887,node3,1887.0
artifact1588,1888,node1,1888,node3,1888.0
artifact1589,1889,node1,1889,node3,1889.0
artifact159,459,node1,459,node3,459.0
artifact1590,1890,node1,1890,node3,1890.0
artifact1591,1891,node1,1891,node3,1891.0
artifact1592,1892,node1,1892,node3,1892.0
artifact1593,1893,node1,1893,node3,1893.0
artifact1594,1894,node1,1894,node3,1894.0
artifact1595,1895,node1,1895,node3,1895.0
artifact1596,1896,node1,1896,node3,1896.0
artifact1597,1897,node1,1897,node3,1897.0
artifact1598,1898,node1,1898,node3,1898.0
artifact1599,1899,node1,1899,node3,1899.0
artifact16,316,node1,316,node3,316.0
artifact160,460,node1,460,node3,460.0
artifact1600,1900,node1,1900,node3,1900.0
artifact1601,1901,node1,1901,node3,1901.0
artifact1602,1902,node1,1902,node3,1902.0
artifact1603,1903,node1,1903,node3,1903.0
artifact1604,1904,node1,1904,node3,1904.0
artifact1605,1905,node1,1905,node3,1905.0
artifact1606,1906,node1,1906,node3,1906.0
artifact1607,1907,node1,1907,node3,1907.0
artifact1608,1908,node1,1908,node3,1908.0
artifact1609,1909,node1,1909,node3,1909.0
artifact161,461,node1,461,node3,461.0
artifact1610,1910,node1,1910,node3,1910.0
artifact1611,1911,node1,1911,node3,1911.0
artifact1612,1912,node1,1912,node3,1912.0
artifact1613,1913,node1,1913,node3,1913.0
artifact1614,1914,node1,1914,node3,1914.0
artifact1615,1915,node1,1915,node3,1915.0
artifact1616,1916,node1,1916,node3,1916.0
artifact1617,1917,node1,1917,node3,1917.0
artifact1618,1918,node1,1918,node3,1918.0
artifact1619,1919,node1,1919,node3,1919.0
artifact162,462,node1,462,node3,462.0
artifact1620,1920,node1,1920,node3,1920.0
artifact1621,1921,node1,1921,node3,1921.0
artifact1622,1922,node1,1922,node3,1922.0
artifact1623,1923,node1,1923,node3,1923.0
artifact1624,1924,node1,1924,node3,1924.0
artifact1625,1925,node1,1925,node3,1925.0
artifact1626,1926,node1,1926,node3,1926.0
artifact1627,1927,node1,1927,node3,1927.0
artifact1628,1928,node1,1928,node3,1928.0
artifact1629,1929,node1,1929,node3,1929.0
artifact163,463,node1,463,node3,463.0
artifact1630,1930,node1,1930,node3,1930.0
artifact1631,1931,node1,1931,node3,1931.0
artifact1632,1932,node1,1932,node3,1932.0
artifact1633,1933,node1,1933,node3,1933.0
artifact1634,1934,node1,1934,node3,1934.0
artifact1635,1935,node1,1935,node3,1935.0
artifact1636,1936,node1,1936,node3,1936.0
artifact1637,1937,node1,1937,node3,1937.0
artifact1638,1938,node1,1938,node3,1938.0
artifact1639,1939,node1,1939,node3,1939.0
artifact164,464,node1,464,node3,464.0
artifact1640,1940,node1,1940,node3,1940.0
artifact1641,1941,node1,1941,node3,1941.0
artifact1642,1942,node1,1942,node3,1942.0
artifact1643,1943,node1,1943,node3,1943.0
artifact1644,1944,node1,1944,node3,1944.0
artifact1645,1945,node1,1945,node3,1945.0
artifact1646,1946,node1,1946,node3,1946.0
artifact1647,1947,node1,1947,node3,1947.0
artifact1648,1948,node1,1948,node3,1948.0
artifact1649,1949,node1,1949,node3,1949.0
artifact165,465,node1,465,node3,465.0
artifact1650,1950,node1,1950,node3,1950.0
artifact1651,1951,node1,1951,node3,1951.0
artifact1652,1952,node1,1952,node3,1952.0
artifact1653,1953,node1,1953,node3,1953.0
artifact1654,1954,node1,1954,node3,1954.0
artifact1655,1955,node1,1955,node3,1955.0
artifact1656,1956,node1,1956,node3,1956.0
artifact1657,1957,node1,1957,node3,1957.0
artifact1658,1958,node1,1958,node3,1958.0
artifact1659,1959,node1,1959,node3,1959.0
artifact166,466,node1,466,node3,466.0
artifact1660,1960,node1,1960,node3,1960.0
artifact1661,1961,node1,1961,node3,1961.0
artifact1662,1962,node1,1962,node3,1962.0
artifact1663,1963,node1,1963,node3,1963.0
artifact1664,1964,node1,1964,node3,1964.0
artifact1665,1965,node1,1965,node3,1965.0
artifact1666,1966,node1,1966,node3,1966.0
artifact1667,1967,node1,1967,node3,1967.0
artifact1668,1968,node1,1968,node3,1968.0
artifact1669,1969,node1,1969,node3,1969.0
artifact167,467,node1,467,node3,467.0
artifact1670,1970,node1,1970,node3,1970.0
artifact1671,1971,node1,1971,node3,1971.0
artifact1672,1972,node1,1972,node3,1972.0
artifact1673,1973,node1,1973,node3,1973.0
artifact1674,1974,node1,1974,node3,1974.0
artifact1675,1975,node1,1975,node3,1975.0
artifact1676,1976,node1,1976,node3,1976.0
artifact1677,1977,node1,1977,node3,1977.0
artifact1678,1978,node1,1978,node3,1978.0
artifact1679,1979,node1,1979,node3,1979.0
artifact168,468,node1,468,node3,468.0
artifact1680,1980,node1,1980,node3,1980.0
artifact1681,1981,node1,1981,node3,1981.0
artifact1682,1982,node1,1982,node3,1982.0
artifact1683,1983,node1,1983,node3,1983.0
artifact1684,1984,node1,1984,node3,1984.0
artifact1685,1985,node1,1985,node3,1985.0
artifact1686,1986,node1,1986,node3,1986.0
artifact1687,1987,node1,1987,node3,1987.0
artifact1688,1988,node1,1988,node3,1988.0
artifact1689,1989,node1,1989,node3,1989.0
artifact169,469,node1,469,node3,469.0
artifact1690,1990,node1,1990,node3,1990.0
artifact1691,1991,node1,1991,node3,1991.0
artifact1692,1992,node1,1992,node3,1992.0
artifact1693,1993,node1,1993,node3,1993.0
artifact1694,1994,node1,1994,node3,1994.0
artifact1695,1995,node1,1995,node3,1995.0
artifact1696,1996,node1,1996,node3,1996.0
artifact1697,1997,node1,1997,node3,1997.0
artifact1698,1998,node1,1998,node3,1998.0
artifact1699,1999,node1,1999,node3,1999.0
artifact17,317,node1,317,node3,317.0
artifact170,470,node1,470,node3,470.0
artifact1700,2000,node1,2000,node3,2000.0
artifact1701,2001,node1,2001,node3,2001.0
artifact1702,2002,node1,2002,node3,2002.0
artifact1703,2003,node1,2003,node3,2003.0
artifact1704,2004,node1,2004,node3,2004.0
artifact1705,2005,node1,2005,node3,2005.0
artifact1706,2006,node1,2006,node3,2006.0
artifact1707,2007,node1,2007,node3,2007.0
artifact1708,2008,node1,2008,node3,2008.0
artifact1709,2009,node1,2009,node3,2009.0
artifact171,471,node1,471,node3,471.0
artifact1710,2010,node1,2010,node3,2010.0
artifact1711,2011,node1,2011,node3,2011.0
artifact1712,2012,node1,2012,node3,2012.0
artifact1713,2013,node1,2013,node3,2013.0
artifact1714,2014,node1,2014,node3,2014.0
artifact1715,2015,node1,2015,node3,2015.0
artifact1716,2016,node1,2016,node3,2016.0
artifact1717,2017,node1,2017,node3,2017.0
artifact1718,2018,node1,2018,node3,2018.0
artifact1719,2019,node1,2019,node3,2019.0
artifact172,472,node1,472,node3,472.0
artifact1720,2020,node1,2020,node3,2020.0
artifact1721,2021,node1,2021,node3,2021.0
artifact1722,2022,node1,2022,node3,2022.0
artifact1723,2023,node1,2023,node3,2023.0
artifact1724,2024,node1,2024,node3,2024.0
artifact1725,2025,node1,2025,node3,2025.0
artifact1726,2026,node1,2026,node3,2026.0
artifact1727,2027,node1,2027,node3,2027.0
artifact1728,2028,node1,2028,node3,2028.0
artifact1729,2029,node1,2029,node3,2029.0
artifact173,473,node1,473,node3,473.0
artifact1730,2030,node1,2030,node3,2030.0
artifact1731,2031,node1,2031,node3,2031.0
artifact1732,2032,node1,2032,node3,2032.0
artifact1733,2033,node1,2033,node3,2033.0
artifact1734,2034,node1,2034,node3,2034.0
artifact1735,2035,node1,2035,node3,2035.0
artifact1736,2036,node1,2036,node3,2036.0
artifact1737,2037,node1,2037,node3,2037.0
artifact1738,2038,node1,2038,node3,2038.0
artifact1739,2039,node1,2039,node3,2039.0
artifact174,474,node1,474,node3,474.0
artifact1740,2040,node1,2040,node3,2040.0
artifact1741,2041,node1,2041,node3,2041.0
artifact1742,2042,node1,2042,node3,2042.0
artifact1743,2043,node1,2043,node3,2043.0
artifact1744,2044,node1,2044,node3,2044.0
artifact1745,2045,node1,2045,node3,2045.0
artifact1746,2046,node1,2046,node3,2046.0
artifact1747,2047,node1,2047,node3,2047.0
artifact1748,2048,node1,2048,node3,2048.0
artifact1749,2049,node1,2049,node3,2049.0
artifact175,475,node1,475,node3,475.0
artifact1750,2050,node1,2050,node3,2050.0
artifact1751,2051,node1,2051,node3,2051.0
artifact1752,2052,node1,2052,node3,2052.0
artifact1753,2053,node1,2053,node3,2053.0
artifact1754,2054,node1,2054,node3,2054.0
artifact1755,2055,node1,2055,node3,2055.0
artifact1756,2056,node1,2056,node3,2056.0
artifact1757,2057,node1,2057,node3,2057.0
artifact1758,2058,node1,2058,node3,2058.0
artifact1759,2059,node1,2059,node3,2059.0
artifact176,476,node1,476,node3,476.0
artifact1760,2060,node1,2060,node3,2060.0
artifact1761,2061,node1,2061,node3,2061.0
artifact1762,2062,node1,2062,node3,2062.0
artifact1763,2063,node1,2063,node3,2063.0
artifact1764,2064,node1,2064,node3,2064.0
artifact1765,2065,node1,2065,node3,2065.0
artifact1766,2066,node1,2066,node3,2066.0
artifact1767,2067,node1,2067,node3,2067.0
artifact1768,2068,node1,2068,node3,2068.0
artifact1769,2069,node1,2069,node3,2069.0
artifact177,477,node1,477,node3,477.0
artifact1770,2070,node1,2070,node3,2070.0
artifact1771,2071,node1,2071,node3,2071.0
artifact1772,2072,node1,2072,node3,2072.0
artifact1773,2073,node1,2073,node3,2073.0
artifact1774,2074,node1,2074,node3,2074.0
artifact1775,2075,node1,2075,node3,2075.0
artifact1776,2076,node1,2076,node3,2076.0
artifact1777,2077,node1,2077,node3,2077.0
artifact1778,2078,node1,2078,node3,2078.0
artifact1779,2079,node1,2079,node3,2079.0
artifact178,478,node1,478,node3,478.0
artifact1780,2080,node1,2080,node3,2080.0
artifact1781,2081,node1,2081,node3,2081.0
artifact1782,2082,node1,2082,node3,2082.0
artifact1783,2083,node1,2083,node3,2083.0
artifact1784,2084,node1,2084,node3,2084.0
artifact1785,2085,node1,2085,node3,2085.0
artifact1786,2086,node1,2086,node3,2086.0
artifact1787,2087,node1,2087,node3,2087.0
artifact1788,2088,node1,2088,node3,2088.0
artifact1789,2089,node1,2089,node3,2089.0
artifact179,479,node1,479,node3,479.0
artifact1790,2090,node1,2090,node3,2090.0
artifact1791,2091,node1,2091,node3,2091.0
artifact1792,2092,node1,2092,node3,2092.0
artifact1793,2093,node1,2093,node3,2093.0
artifact1794,2094,node1,2094,node3,2094.0
artifact1795,2095,node1,2095,node3,2095.0
artifact1796,2096,node1,2096,node3,2096.0
artifact1797,2097,node1,2097,node3,2097.0
artifact1798,2098,node1,2098,node3,2098.0
artifact1799,2099,node1,2099,node3,2099.0
artifact18,318,node1,318,node3,318.0
artifact180,480,node1,480,node3,480.0
artifact1800,2100,node1,2100,node3,2100.0
artifact1801,2101,node1,2101,node3,2101.0
artifact1802,2102,node1,2102,node3,2102.0
artifact1803,2103,node1,2103,node3,2103.0
artifact1804,2104,node1,2104,node3,2104.0
artifact1805,2105,node1,2105,node3,2105.0
artifact1806,2106,node1,2106,node3,2106.0
artifact1807,2107,node1,2107,node3,2107.0
artifact1808,2108,node1,2108,node3,2108.0
artifact1809,2109,node1,2109,node3,2109.0
artifact181,481,node1,481,node3,481.0
artifact1810,2110,node1,2110,node3,2110.0
artifact1811,2111,node1,2111,node3,2111.0
artifact1812,2112,node1,2112,node3,2112.0
artifact1813,2113,node1,2113,node3,2113.0
artifact1814,2114,node1,2114,node3,2114.0
artifact1815,2115,node1,2115,node3,2115.0
artifact1816,2116,node1,2116,node3,2116.0
artifact1817,2117,node1,2117,node3,2117.0
artifact1818,2118,node1,2118,node3,2118.0
artifact1819,2119,node1,2119,node3,2119.0
artifact182,482,node1,482,node3,482.0
artifact1820,2120,node1,2120,node3,2120.0
artifact1821,2121,node1,2121,node3,2121.0
artifact1822,2122,node1,2122,node3,2122.0
artifact1823,2123,node1,2123,node3,2123.0
artifact1824,2124,node1,2124,node3,2124.0
artifact1825,2125,node1,2125,node3,2125.0
artifact1826,2126,node1,2126,node3,2126.0
artifact1827,2127,node1,2127,node3,2127.0
artifact1828,2128,node1,2128,node3,2128.0
artifact1829,2129,node1,2129,node3,2129.0
artifact183,483,node1,483,node3,483.0
artifact1830,2130,node1,2130,node3,2130.0
artifact1831,2131,node1,2131,node3,2131.0
artifact1832,2132,node1,2132,node3,2132.0
artifact1833,2133,node1,2133,node3,2133.0
artifact1834,2134,node1,2134,node3,2134.0
artifact1835,2135,node1,2135,node3,2135.0
artifact1836,2136,node1,2136,node3,2136.0
artifact1837,2137,node1,2137,node3,2137.0
artifact1838,2138,node1,2138,node3,2138.0
artifact1839,2139,node1,2139,node3,2139.0
artifact184,484,node1,484,node3,484.0
artifact1840,2140,node1,2140,node3,2140.0
artifact1841,2141,node1,2141,node3,2141.0
artifact1842,2142,node1,2142,node3,2142.0
artifact1843,2143,node1,2143,node3,2143.0
artifact1844,2144,node1,2144,node3,2144.0
artifact1845,2145,node1,2145,node3,2145.0
artifact1846,2146,node1,2146,node3,2146.0
artifact1847,2147,node1,2147,node3,2147.0
artifact1848,2148,node1,2148,node3,2148.0
artifact1849,2149,node1,2149,node3,2149.0
artifact185,485,node1,485,node3,485.0
artifact1850,2150,node1,2150,node3,2150.0
artifact1851,2151,node1,2151,node3,2151.0
artifact1852,2152,node1,2152,node3,2152.0
artifact1853,2153,node1,2153,node3,2153.0
artifact1854,2154,node1,2154,node3,2154.0
artifact1855,2155,node1,2155,node3,2155.0
artifact1856,2156,node1,2156,node3,2156.0
artifact1857,2157,node1,2157,node3,2157.0
artifact1858,2158,node1,2158,node3,2158.0
artifact1859,2159,node1,2159,node3,2159.0
artifact186,486,node1,486,node3,486.0
artifact1860,2160,node1,2160,node3,2160.0
artifact1861,2161,node1,2161,node3,2161.0
artifact1862,2162,node1,2162,node3,2162.0
artifact1863,2163,node1,2163,node3,2163.0
artifact1864,2164,node1,2164,node3,2164.0
artifact1865,2165,node1,2165,node3,2165.0
artifact1866,2166,node1,2166,node3,2166.0
artifact1867,2167,node1,2167,node3,2167.0
artifact1868,2168,node1,2168,node3,2168.0
artifact1869,2169,node1,2169,node3,2169.0
artifact187,487,node1,487,node3,487.0
artifact1870,2170,node1,2170,node3,2170.0
artifact1871,2171,node1,2171,node3,2171.0
artifact1872,2172,node1,2172,node3,2172.0
artifact1873,2173,node1,2173,node3,2173.0
artifact1874,2174,node1,2174,node3,2174.0
artifact1875,2175,node1,2175,node3,2175.0
artifact1876,2176,node1,2176,node3,2176.0
artifact1877,2177,node1,2177,node3,2177.0
artifact1878,2178,node1,2178,node3,2178.0
artifact1879,2179,node1,2179,node3,2179.0
artifact188,488,node1,488,node3,488.0
artifact1880,2180,node1,2180,node3,2180.0
artifact1881,2181,node1,2181,node3,2181.0
artifact1882,2182,node1,2182,node3,2182.0
artifact1883,2183,node1,2183,node3,2183.0
artifact1884,2184,node1,2184,node3,2184.0
artifact1885,2185,node1,2185,node3,2185.0
artifact1886,2186,node1,2186,node3,2186.0
artifact1887,2187,node1,2187,node3,2187.0
artifact1888,2188,node1,2188,node3,2188.0
artifact1889,2189,node1,2189,node3,2189.0
artifact189,489,node1,489,node3,489.0
artifact1890,2190,node1,2190,node3,2190.0
artifact1891,2191,node1,2191,node3,2191.0
artifact1892,2192,node1,2192,node3,2192.0
artifact1893,2193,node1,2193,node3,2193.0
artifact1894,2194,node1,2194,node3,2194.0
artifact1895,2195,node1,2195,node3,2195.0
artifact1896,2196,node1,2196,node3,2196.0
artifact1897,2197,node1,2197,node3,2197.0
artifact1898,2198,node1,2198,node3,2198.0
artifact1899,2199,node1,2199,node3,2199.0
artifact19,319,node1,319,node3,319.0
artifact190,490,node1,490,node3,490.0
artifact1900,2200,node1,2200,node3,2200.0
artifact1901,2201,node1,2201,node3,2201.0
artifact1902,2202,node1,2202,node3,2202.0
artifact1903,2203,node1,2203,node3,2203.0
artifact1904,2204,node1,2204,node3,2204.0
artifact1905,2205,node1,2205,node3,2205.0
artifact1906,2206,node1,2206,node3,2206.0
artifact1907,2207,node1,2207,node3,2207.0
artifact1908,2208,node1,2208,node3,2208.0
artifact1909,2209,node1,2209,node3,2209.0
artifact191,491,node1,491,node3,491.0
artifact1910,2210,node1,2210,node3,2210.0
artifact1911,2211,node1,2211,node3,2211.0
artifact1912,2212,node1,2212,node3,2212.0
artifact1913,2213,node1,2213,node3,2213.0
artifact1914,2214,node1,2214,node3,2214.0
artifact1915,2215,node1,2215,node3,2215.0
artifact1916,2216,node1,2216,node3,2216.0
artifact1917,2217,node1,2217,node3,2217.0
artifact1918,2218,node1,2218,node3,2218.0
artifact1919,2219,node1,2219,node3,2219.0
artifact192,492,node1,492,node3,492.0
artifact1920,2220,node1,2220,node3,2220.0
artifact1921,2221,node1,2221,node3,2221.0
artifact1922,2222,node1,2222,node3,2222.0
artifact1923,2223,node1,2223,node3,2223.0
artifact1924,2224,node1,2224,node3,2224.0
artifact1925,2225,node1,2225,node3,2225.0
artifact1926,2226,node1,2226,node3,2226.0
artifact1927,2227,node1,2227,node3,2227.0
artifact1928,2228,node1,2228,node3,2228.0
artifact1929,2229,node1,2229,node3,2229.0
artifact193,493,node1,493,node3,493.0
artifact1930,2230,node1,2230,node3,2230.0
artifact1931,2231,node1,2231,node3,2231.0
artifact1932,2232,node1,2232,node3,2232.0
artifact1933,2233,node1,2233,node3,2233.0
artifact1934,2234,node1,2234,node3,2234.0
artifact1935,2235,node1,2235,node3,2235.0
artifact1936,2236,node1,2236,node3,2236.0
artifact1937,2237,node1,2237,node3,2237.0
artifact1938,2238,node1,2238,node3,2238.0
artifact1939,2239,node1,2239,node3,2239.0
artifact194,494,node1,494,node3,494.0
artifact1940,2240,node1,2240,node3,2240.0
artifact1941,2241,node1,2241,node3,2241.0
artifact1942,2242,node1,2242,node3,2242.0
artifact1943,2243,node1,2243,node3,2243.0
artifact1944,2244,node1,2244,node3,2244.0
artifact1945,2245,node1,2245,node3,2245.0
artifact1946,2246,node1,2246,node3,2246.0
artifact1947,2247,node1,2247,node3,2247.0
artifact1948,2248,node1,2248,node3,2248.0
artifact1949,2249,node1,2249,node3,2249.0
artifact195,495,node1,495,node3,495.0
artifact1950,2250,node1,2250,node3,2250.0
artifact1951,2251,node1,2251,node3,2251.0
artifact1952,2252,node1,2252,node3,2252.0
artifact1953,2253,node1,2253,node3,2253.0
artifact1954,2254,node1,2254,node3,2254.0
artifact1955,2255,node1,2255,node3,2255.0
artifact1956,2256,node1,2256,node3,2256.0
artifact1957,2257,node1,2257,node3,2257.0
artifact1958,2258,node1,2258,node3,2258.0
artifact1959,2259,node1,2259,node3,2259.0
artifact196,496,node1,496,node3,496.0
artifact1960,2260,node1,2260,node3,2260.0
artifact1961,2261,node1,2261,node3,2261.0
artifact1962,2262,node1,2262,node3,2262.0
artifact1963,2263,node1,2263,node3,2263.0
artifact1964,2264,node1,2264,node3,2264.0
artifact1965,2265,node1,2265,node3,2265.0
artifact1966,2266,node1,2266,node3,2266.0
artifact1967,2267,node1,2267,node3,2267.0
artifact1968,2268,node1,2268,node3,2268.0
artifact1969,2269,node1,2269,node3,2269.0
artifact197,497,node1,497,node3,497.0
artifact1970,2270,node1,2270,node3,2270.0
artifact1971,2271,node1,2271,node3,2271.0
artifact1972,2272,node1,2272,node3,2272.0
artifact1973,2273,node1,2273,node3,2273.0
artifact1974,2274,node1,2274,node3,2274.0
artifact1975,2275,node1,2275,node3,2275.0
artifact1976,2276,node1,2276,node3,2276.0
artifact1977,2277,node1,2277,node3,2277.0
artifact1978,2278,node1,2278,node3,2278.0
artifact1979,2279,node1,2279,node3,2279.0
artifact198,498,node1,498,node3,498.0
artifact1980,2280,node1,2280,node3,2280.0
artifact1981,2281,node1,2281,node3,2281.0
artifact1982,2282,node1,2282,node3,2282.0
artifact1983,2283,node1,2283,node3,2283.0
artifact1984,2284,node1,2284,node3,2284.0
artifact1985,2285,node1,2285,node3,2285.0
artifact1986,2286,node1,2286,node3,2286.0
artifact1987,2287,node1,2287,node3,2287.0
artifact1988,2288,node1,2288,node3,2288.0
artifact1989,2289,node1,2289,node3,2289.0
artifact199,499,node1,499,node3,499.0
artifact1990,2290,node1,2290,node3,2290.0
artifact1991,2291,node1,2291,node3,2291.0
artifact1992,2292,node1,2292,node3,2292.0
artifact1993,2293,node1,2293,node3,2293.0
artifact1994,2294,node1,2294,node3,2294.0
artifact1995,2295,node1,2295,node3,2295.0
artifact1996,2296,node1,2296,node3,2296.0
artifact1997,2297,node1,2297,node3,2297.0
artifact1998,2298,node1,2298,node3,2298.0
artifact1999,2299,node1,2299,node3,2299.0
artifact2,302,node1,302,node3,302.0
artifact20,320,node1,320,node3,320.0
artifact200,500,node1,500,node3,500.0
artifact201,501,node1,501,node3,501.0
artifact202,502,node1,502,node3,502.0
artifact203,503,node1,503,node3,503.0
artifact204,504,node1,504,node3,504.0
artifact205,505,node1,505,node3,505.0
artifact206,506,node1,506,node3,506.0
artifact207,507,node1,507,node3,507.0
artifact208,508,node1,508,node3,508.0
artifact209,509,node1,509,node3,509.0
artifact21,321,node1,321,node3,321.0
artifact210,510,node1,510,node3,510.0
artifact211,511,node1,511,node3,511.0
artifact212,512,node1,512,node3,512.0
artifact213,513,node1,513,node3,513.0
artifact214,514,node1,514,node3,514.0
artifact215,515,node1,515,node3,515.0
artifact216,516,node1,516,node3,516.0
artifact217,517,node1,517,node3,517.0
artifact218,518,node1,518,node3,518.0
artifact219,519,node1,519,node3,519.0
artifact22,322,node1,322,node3,322.0
artifact220,520,node1,520,node3,520.0
artifact221,521,node1,521,node3,521.0
artifact222,522,node1,522,node3,522.0
artifact223,523,node1,523,node3,523.0
artifact224,524,node1,524,node3,524.0
artifact225,525,node1,525,node3,525.0
artifact226,526,node1,526,node3,526.0
artifact227,527,node1,527,node3,527.0
artifact228,528,node1,528,node3,528.0
artifact229,529,node1,529,node3,529.0
artifact23,323,node1,323,node3,323.0
artifact230,530,node1,530,node3,530.0
artifact231,531,node1,531,node3,531.0
artifact232,532,node1,532,node3,532.0
artifact233,533,node1,533,node3,533.0
artifact234,534,node1,534,node3,534.0
artifact235,535,node1,535,node3,535.0
artifact236,536,node1,536,node3,536.0
artifact237,537,node1,537,node3,537.0
artifact238,538,node1,538,node3,538.0
artifact239,539,node1,539,node3,539.0
artifact24,324,node1,324,node3,324.0
artifact240,540,node1,540,node3,540.0
artifact241,541,node1,541,node3,541.0
artifact242,542,node1,542,node3,542.0
artifact243,543,node1,543,node3,543.0
artifact244,544,node1,544,node3,544.0
artifact245,545,node1,545,node3,545.0
artifact246,546,node1,546,node3,546.0
artifact247,547,node1,547,node3,547.0
artifact248,548,node1,548,node3,548.0
artifact249,549,node1,549,node3,549.0
artifact25,325,node1,325,node3,325.0
artifact250,550,node1,550,node3,550.0
artifact251,551,node1,551,node3,551.0
artifact252,552,node1,552,node3,552.0
artifact253,553,node1,553,node3,553.0
artifact254,554,node1,554,node3,554.0
artifact255,555,node1,555,node3,555.0
artifact256,556,node1,556,node3,556.0
artifact257,557,node1,557,node3,557.0
artifact258,558,node1,558,node3,558.0
artifact259,559,node1,559,node3,559.0
artifact26,326,node1,326,node3,326.0
artifact260,560,node1,560,node3,560.0
artifact261,561,node1,561,node3,561.0
artifact262,562,node1,562,node3,562.0
artifact263,563,node1,563,node3,563.0
artifact264,564,node1,564,node3,564.0
artifact265,565,node1,565,node3,565.0
artifact266,566,node1,566,node3,566.0
artifact267,567,node1,567,node3,567.0
artifact268,568,node1,568,node3,568.0
artifact269,569,node1,569,node3,569.0
artifact27,327,node1,327,node3,327.0
artifact270,570,node1,570,node3,570.0
artifact271,571,node1,571,node3,571.0
artifact272,572,node1,572,node3,572.0
artifact273,573,node1,573,node3,573.0
artifact274,574,node1,574,node3,574.0
artifact275,575,node1,575,node3,575.0
artifact276,576,node1,576,node3,576.0
artifact277,577,node1,577,node3,577.0
artifact278,578,node1,578,node3,578.0
artifact279,579,node1,579,node3,579.0
artifact28,328,node1,328,node3,328.0
artifact280,580,node1,580,node3,580.0
artifact281,581,node1,581,node3,581.0
artifact282,582,node1,582,node3,582.0
artifact283,583,node1,583,node3,583.0
artifact284,584,node1,584,node3,584.0
artifact285,585,node1,585,node3,585.0
artifact286,586,node1,586,node3,586.0
artifact287,587,node1,587,node3,587.0
artifact288,588,node1,588,node3,588.0
artifact289,589,node1,589,node3,589.0
artifact29,329,node1,329,node3,329.0
artifact290,590,node1,590,node3,590.0
artifact291,591,node1,591,node3,591.0
artifact292,592,node1,592,node3,592.0
artifact293,593,node1,593,node3,593.0
artifact294,594,node1,594,node3,594.0
artifact295,595,node1,595,node3,595.0
artifact296,596,node1,596,node3,596.0
artifact297,597,node1,597,node3,597.0
artifact298,598,node1,598,node3,598.0
artifact299,599,node1,599,node3,599.0
artifact3,303,node1,303,node3,303.0
artifact30,330,node1,330,node3,330.0
artifact300,600,node1,600,node3,600.0
artifact301,601,node1,601,node3,601.0
artifact302,602,node1,602,node3,602.0
artifact303,603,node1,603,node3,603.0
artifact304,604,node1,604,node3,604.0
artifact305,605,node1,605,node3,605.0
artifact306,606,node1,606,node3,606.0
artifact307,607,node1,607,node3,607.0
artifact308,608,node1,608,node3,608.0
artifact309,609,node1,609,node3,609.0
artifact31,331,node1,331,node3,331.0
artifact310,610,node1,610,node3,610.0
artifact311,611,node1,611,node3,611.0
artifact312,612,node1,612,node3,612.0
artifact313,613,node1,613,node3,613.0
artifact314,614,node1,614,node3,614.0
artifact315,615,node1,615,node3,615.0
artifact316,616,node1,616,node3,616.0
artifact317,617,node1,617,node3,617.0
artifact318,618,node1,618,node3,618.0
artifact319,619,node1,619,node3,619.0
artifact32,332,node1,332,node3,332.0
artifact320,620,node1,620,node3,620.0
artifact321,621,node1,621,node3,621.0
artifact322,622,node1,622,node3,622.0
artifact323,623,node1,623,node3,623.0
artifact324,624,node1,624,node3,624.0
artifact325,625,node1,625,node3,625.0
artifact326,626,node1,626,node3,626.0
artifact327,627,node1,627,node3,627.0
artifact328,628,node1,628,node3,628.0
artifact329,629,node1,629,node3,629.0
artifact33,333,node1,333,node3,333.0
artifact330,630,node1,630,node3,630.0
artifact331,631,node1,631,node3,631.0
artifact332,632,node1,632,node3,632.0
artifact333,633,node1,633,node3,633.0
artifact334,634,node1,634,node3,634.0
artifact335,635,node1,635,node3,635.0
artifact336,636,node1,636,node3,636.0
artifact337,637,node1,637,node3,637.0
artifact338,638,node1,638,node3,638.0
artifact339,639,node1,639,node3,639.0
artifact34,334,node1,334,node3,334.0
artifact340,640,node1,640,node3,640.0
artifact341,641,node1,641,node3,641.0
artifact342,642,node1,642,node3,642.0
artifact343,643,node1,643,node3,643.0
artifact344,644,node1,644,node3,644.0
artifact345,645,node1,645,node3,645.0
artifact346,646,node1,646,node3,646.0
artifact347,647,node1,647,node3,647.0
artifact348,648,node1,648,node3,648.0
artifact349,649,node1,649,node3,649.0
artifact35,335,node1,335,node3,335.0
artifact350,650,node1,650,node3,650.0
artifact351,651,node1,651,node3,651.0
artifact352,652,node1,652,node3,652.0
artifact353,653,node1,653,node3,653.0
artifact354,654,node1,654,node3,654.0
artifact355,655,node1,655,node3,655.0
artifact356,656,node1,656,node3,656.0
artifact357,657,node1,657,node3,657.0
artifact358,658,node1,658,node3,658.0
artifact359,659,node1,659,node3,659.0
artifact36,336,node1,336,node3,336.0
artifact360,660,node1,660,node3,660.0
artifact361,661,node1,661,node3,661.0
artifact362,662,node1,662,node3,662.0
artifact363,663,node1,663,node3,663.0
artifact364,664,node1,664,node3,664.0
artifact365,665,node1,665,node3,665.0
artifact366,666,node1,666,node3,666.0
artifact367,667,node1,667,node3,667.0
artifact368,668,node1,668,node3,668.0
artifact369,669,node1,669,node3,669.0
artifact37,337,node1,337,node3,337.0
artifact370,670,node1,670,node3,670.0
artifact371,671,node1,671,node3,671.0
artifact372,672,node1,672,node3,672.0
artifact373,673,node1,673,node3,673.0
artifact374,674,node1,674,node3,674.0
artifact375,675,node1,675,node3,675.0
artifact376,676,node1,676,node3,676.0
artifact377,677,node1,677,node3,677.0
artifact378,678,node1,678,node3,678.0
artifact379,679,node1,679,node3,679.0
artifact38,338,node1,338,node3,338.0
artifact380,680,node1,680,node3,680.0
artifact381,681,node1,681,node3,681.0
artifact382,682,node1,682,node3,682.0
artifact383,683,node1,683,node3,683.0
artifact384,684,node1,684,node3,684.0
artifact385,685,node1,685,node3,685.0
artifact386,686,node1,686,node3,686.0
artifact387,687,node1,687,node3,687.0
artifact388,688,node1,688,node3,688.0
artifact389,689,node1,689,node3,689.0
artifact39,339,node1,339,node3,339.0
artifact390,690,node1,690,node3,690.0
artifact391,691,node1,691,node3,691.0
artifact392,692,node1,692,node3,692.0
artifact393,693,node1,693,node3,693.0
artifact394,694,node1,694,node3,694.0
artifact395,695,node1,695,node3,695.0
artifact396,696,node1,696,node3,696.0
artifact397,697,node1,697,node3,697.0
artifact398,698,node1,698,node3,698.0
artifact399,699,node1,699,node3,699.0
artifact4,304,node1,304,node3,304.0
artifact40,340,node1,340,node3,340.0
artifact400,700,node1,700,node3,700.0
artifact401,701,node1,701,node3,701.0
artifact402,702,node1,702,node3,702.0
artifact403,703,node1,703,node3,703.0
artifact404,704,node1,704,node3,704.0
artifact405,705,node1,705,node3,705.0
artifact406,706,node1,706,node3,706.0
artifact407,707,node1,707,node3,707.0
artifact408,708,node1,708,node3,708.0
artifact409,709,node1,709,node3,709.0
artifact41,341,node1,341,node3,341.0
artifact410,710,node1,710,node3,710.0
artifact411,711,node1,711,node3,711.0
artifact412,712,node1,712,node3,712.0
artifact413,713,node1,713,node3,713.0
artifact414,714,node1,714,node3,714.0
artifact415,715,node1,715,node3,715.0
artifact416,716,node1,716,node3,716.0
artifact417,717,node1,717,node3,717.0
artifact418,718,node1,718,node3,718.0
artifact419,719,node1,719,node3,719.0
artifact42,342,node1,342,node3,342.0
artifact420,720,node1,720,node3,720.0
artifact421,721,node1,721,node3,721.0
artifact422,722,node1,722,node3,722.0
artifact423,723,node1,723,node3,723.0
artifact424,724,node1,724,node3,724.0
artifact425,725,node1,725,node3,725.0
artifact426,726,node1,726,node3,726.0
artifact427,727,node1,727,node3,727.0
artifact428,728,node1,728,node3,728.0
artifact429,729,node1,729,node3,729.0
artifact43,343,node1,343,node3,343.0
artifact430,730,node1,730,node3,730.0
artifact431,731,node1,731,node3,731.0
artifact432,732,node1,732,node3,732.0
artifact433,733,node1,733,node3,733.0
artifact434,734,node1,734,node3,734.0
artifact435,735,node1,735,node3,735.0
artifact436,736,node1,736,node3,736.0
artifact437,737,node1,737,node3,737.0
artifact438,738,node1,738,node3,738.0
artifact439,739,node1,739,node3,739.0
artifact44,344,node1,344,node3,344.0
artifact440,740,node1,740,node3,740.0
artifact441,741,node1,741,node3,741.0
artifact442,742,node1,742,node3,742.0
artifact443,743,node1,743,node3,743.0
artifact444,744,node1,744,node3,744.0
artifact445,745,node1,745,node3,745.0
artifact446,746,node1,746,node3,746.0
artifact447,747,node1,747,node3,747.0
artifact448,748,node1,748,node3,748.0
artifact449,749,node1,749,node3,749.0
artifact45,345,node1,345,node3,345.0
artifact450,750,node1,750,node3,750.0
artifact451,751,node1,751,node3,751.0
artifact452,752,node1,752,node3,752.0
artifact453,753,node1,753,node3,753.0
artifact454,754,node1,754,node3,754.0
artifact455,755,node1,755,node3,755.0
artifact456,756,node1,756,node3,756.0
artifact457,757,node1,757,node3,757.0
artifact458,758,node1,758,node3,758.0
artifact459,759,node1,759,node3,759.0
artifact46,346,node1,346,node3,346.0
artifact460,760,node1,760,node3,760.0
artifact461,761,node1,761,node3,761.0
artifact462,762,node1,762,node3,762.0
artifact463,763,node1,763,node3,763.0
artifact464,764,node1,764,node3,764.0
artifact465,765,node1,765,node3,765.0
artifact466,766,node1,766,node3,766.0
artifact467,767,node1,767,node3,767.0
artifact468,768,node1,768,node3,768.0
artifact469,769,node1,769,node3,769.0
artifact47,347,node1,347,node3,347.0
artifact470,770,node1,770,node3,770.0
artifact471,771,node1,771,node3,771.0
artifact472,772,node1,772,node3,772.0
artifact473,773,node1,773,node3,773.0
artifact474,774,node1,774,node3,774.0
artifact475,775,node1,775,node3,775.0
artifact476,776,node1,776,node3,776.0
artifact477,777,node1,777,node3,777.0
artifact478,778,node1,778,node3,778.0
artifact479,779,node1,779,node3,779.0
artifact48,348,node1,348,node3,348.0
artifact480,780,node1,780,node3,780.0
artifact481,781,node1,781,node3,781.0
artifact482,782,node1,782,node3,782.0
artifact483,783,node1,783,node3,783.0
artifact484,784,node1,784,node3,784.0
artifact485,785,node1,785,node3,785.0
artifact486,786,node1,786,node3,786.0
artifact487,787,node1,787,node3,787.0
artifact488,788,node1,788,node3,788.0
artifact489,789,node1,789,node3,789.0
artifact49,349,node1,349,node3,349.0
artifact490,790,node1,790,node3,790.0
artifact491,791,node1,791,node3,791.0
artifact492,792,node1,792,node3,792.0
artifact493,793,node1,793,node3,793.0
artifact494,794,node1,794,node3,794.0
artifact495,795,node1,795,node3,795.0
artifact496,796,node1,796,node3,796.0
artifact497,797,node1,797,node3,797.0
artifact498,798,node1,798,node3,798.0
artifact499,799,node1,799,node3,799.0
artifact5,305,node1,305,node3,305.0
artifact50,350,node1,350,node3,350.0
artifact500,800,node1,800,node3,800.0
artifact501,801,node1,801,node3,801.0
artifact502,802,node1,802,node3,802.0
artifact503,803,node1,803,node3,803.0
artifact504,804,node1,804,node3,804.0
artifact505,805,node1,805,node3,805.0
artifact506,806,node1,806,node3,806.0
artifact507,807,node1,807,node3,807.0
artifact508,808,node1,808,node3,808.0
artifact509,809,node1,809,node3,809.0
artifact51,351,node1,351,node3,351.0
artifact510,810,node1,810,node3,810.0
artifact511,811,node1,811,node3,811.0
artifact512,812,node1,812,node3,812.0
artifact513,813,node1,813,node3,813.0
artifact514,814,node1,814,node3,814.0
artifact515,815,node1,815,node3,815.0
artifact516,816,node1,816,node3,816.0
artifact517,817,node1,817,node3,817.0
artifact518,818,node1,818,node3,818.0
artifact519,819,node1,819,node3,819.0
artifact52,352,node1,352,node3,352.0
artifact520,820,node1,820,node3,820.0
artifact521,821,node1,821,node3,821.0
artifact522,822,node1,822,node3,822.0
artifact523,823,node1,823,node3,823.0
artifact524,824,node1,824,node3,824.0
artifact525,825,node1,825,node3,825.0
artifact526,826,node1,826,node3,826.0
artifact527,827,node1,827,node3,827.0
artifact528,828,node1,828,node3,828.0
artifact529,829,node1,829,node3,829.0
artifact53,353,node1,353,node3,353.0
artifact530,830,node1,830,node3,830.0
artifact531,831,node1,831,node3,831.0
artifact532,832,node1,832,node3,832.0
artifact533,833,node1,833,node3,833.0
artifact534,834,node1,834,node3,834.0
artifact535,835,node1,835,node3,835.0
artifact536,836,node1,836,node3,836.0
artifact537,837,node1,837,node3,837.0
artifact538,838,node1,838,node3,838.0
artifact539,839,node1,839,node3,839.0
artifact54,354,node1,354,node3,354.0
artifact540,840,node1,840,node3,840.0
artifact541,841,node1,841,node3,841.0
artifact542,842,node1,842,node3,842.0
artifact543,843,node1,843,node3,843.0
artifact544,844,node1,844,node3,844.0
artifact545,845,node1,845,node3,845.0
artifact546,846,node1,846,node3,846.0
artifact547,847,node1,847,node3,847.0
artifact548,848,node1,848,node3,848.0
artifact549,849,node1,849,node3,849.0
artifact55,355,node1,355,node3,355.0
artifact550,850,node1,850,node3,850.0
artifact551,851,node1,851,node3,851.0
artifact552,852,node1,852,node3,852.0
artifact553,853,node1,853,node3,853.0
artifact554,854,node1,854,node3,854.0
artifact555,855,node1,855,node3,855.0
artifact556,856,node1,856,node3,856.0
artifact557,857,node1,857,node3,857.0
artifact558,858,node1,858,node3,858.0
artifact559,859,node1,859,node3,859.0
artifact56,356,node1,356,node3,356.0
artifact560,860,node1,860,node3,860.0
artifact561,861,node1,861,node3,861.0
artifact562,862,node1,862,node3,862.0
artifact563,863,node1,863,node3,863.0
artifact564,864,node1,864,node3,864.0
artifact565,865,node1,865,node3,865.0
artifact566,866,node1,866,node3,866.0
artifact567,867,node1,867,node3,867.0
artifact568,868,node1,868,node3,868.0
artifact569,869,node1,869,node3,869.0
artifact57,357,node1,357,node3,357.0
artifact570,870,node1,870,node3,870.0
artifact571,871,node1,871,node3,871.0
artifact572,872,node1,872,node3,872.0
artifact573,873,node1,873,node3,873.0
artifact574,874,node1,874,node3,874.0
artifact575,875,node1,875,node3,875.0
artifact576,876,node1,876,node3,876.0
artifact577,877,node1,877,node3,877.0
artifact578,878,node1,878,node3,878.0
artifact579,879,node1,879,node3,879.0
artifact58,358,node1,358,node3,358.0
artifact580,880,node1,880,node3,880.0
artifact581,881,node1,881,node3,881.0
artifact582,882,node1,882,node3,882.0
artifact583,883,node1,883,node3,883.0
artifact584,884,node1,884,node3,884.0
artifact585,885,node1,885,node3,885.0
artifact586,886,node1,886,node3,886.0
artifact587,887,node1,887,node3,887.0
artifact588,888,node1,888,node3,888.0
artifact589,889,node1,889,node3,889.0
artifact59,359,node1,359,node3,359.0
artifact590,890,node1,890,node3,890.0
artifact591,891,node1,891,node3,891.0
artifact592,892,node1,892,node3,892.0
artifact593,893,node1,893,node3,893.0
artifact594,894,node1,894,node3,894.0
artifact595,895,node1,895,node3,895.0
artifact596,896,node1,896,node3,896.0
artifact597,897,node1,897,node3,897.0
artifact598,898,node1,898,node3,898.0
artifact599,899,node1,899,node3,899.0
artifact6,306,node1,306,node3,306.0
artifact60,360,node1,360,node3,360.0
artifact600,900,node1,900,node3,900.0
artifact601,901,node1,901,node3,901.0
artifact602,902,node1,902,node3,902.0
artifact603,903,node1,903,node3,903.0
artifact604,904,node1,904,node3,904.0
artifact605,905,node1,905,node3,905.0
artifact606,906,node1,906,node3,906.0
artifact607,907,node1,907,node3,907.0
artifact608,908,node1,908,node3,908.0
artifact609,909,node1,909,node3,909.0
artifact61,361,node1,361,node3,361.0
artifact610,910,node1,910,node3,910.0
artifact611,911,node1,911,node3,911.0
artifact612,912,node1,912,node3,912.0
artifact613,913,node1,913,node3,913.0
artifact614,914,node1,914,node3,914.0
artifact615,915,node1,915,node3,915.0
artifact616,916,node1,916,node3,916.0
artifact617,917,node1,917,node3,917.0
artifact618,918,node1,918,node3,918.0
artifact619,919,node1,919,node3,919.0
artifact62,362,node1,362,node3,362.0
artifact620,920,node1,920,node3,920.0
artifact621,921,node1,921,node3,921.0
artifact622,922,node1,922,node3,922.0
artifact623,923,node1,923,node3,923.0
artifact624,924,node1,924,node3,924.0
artifact625,925,node1,925,node3,925.0
artifact626,926,node1,926,node3,926.0
artifact627,927,node1,927,node3,927.0
artifact628,928,node1,928,node3,928.0
artifact629,929,node1,929,node3,929.0
artifact63,363,node1,363,node3,363.0
artifact630,930,node1,930,node3,930.0
artifact631,931,node1,931,node3,931.0
artifact632,932,node1,932,node3,932.0
artifact633,933,node1,933,node3,933.0
artifact634,934,node1,934,node3,934.0
artifact635,935,node1,935,node3,935.0
artifact636,936,node1,936,node3,936.0
artifact637,937,node1,937,node3,937.0
artifact638,938,node1,938,node3,938.0
artifact639,939,node1,939,node3,939.0
artifact64,364,node1,364,node3,364.0
artifact640,940,node1,940,node3,940.0
artifact641,941,node1,941,node3,941.0
artifact642,942,node1,942,node3,942.0
artifact643,943,node1,943,node3,943.0
artifact644,944,node1,944,node3,944.0
artifact645,945,node1,945,node3,945.0
artifact646,946,node1,946,node3,946.0
artifact647,947,node1,947,node3,947.0
artifact648,948,node1,948,node3,948.0
artifact649,949,node1,949,node3,949.0
artifact65,365,node1,365,node3,365.0
artifact650,950,node1,950,node3,950.0
artifact651,951,node1,951,node3,951.0
artifact652,952,node1,952,node3,952.0
artifact653,953,node1,953,node3,953.0
artifact654,954,node1,954,node3,954.0
artifact655,955,node1,955,node3,955.0
artifact656,956,node1,956,node3,956.0
artifact657,957,node1,957,node3,957.0
artifact658,958,node1,958,node3,958.0
artifact659,959,node1,959,node3,959.0
artifact66,366,node1,366,node3,366.0
artifact660,960,node1,960,node3,960.0
artifact661,961,node1,961,node3,961.0
artifact662,962,node1,962,node3,962.0
artifact663,963,node1,963,node3,963.0
artifact664,964,node1,964,node3,964.0
artifact665,965,node1,965,node3,965.0
artifact666,966,node1,966,node3,966.0
artifact667,967,node1,967,node3,967.0
artifact668,968,node1,968,node3,968.0
artifact669,969,node1,969,node3,969.0
artifact67,367,node1,367,node3,367.0
artifact670,970,node1,970,node3,970.0
artifact671,971,node1,971,node3,971.0
artifact672,972,node1,972,node3,972.0
artifact673,973,node1,973,node3,973.0
artifact674,974,node1,974,node3,974.0
artifact675,975,node1,975,node3,975.0
artifact676,976,node1,976,node3,976.0
artifact677,977,node1,977,node3,977.0
artifact678,978,node1,978,node3,978.0
artifact679,979,node1,979,node3,979.0
artifact68,368,node1,368,node3,368.0
artifact680,980,node1,980,node3,980.0
artifact681,981,node1,981,node3,981.0
artifact682,982,node1,982,node3,982.0
artifact683,983,node1,983,node3,983.0
artifact684,984,node1,984,node3,984.0
artifact685,985,node1,985,node3,985.0
artifact686,986,node1,986,node3,986.0
artifact687,987,node1,987,node3,987.0
artifact688,988,node1,988,node3,988.0
artifact689,989,node1,989,node3,989.0
artifact69,369,node1,369,node3,369.0
artifact690,990,node1,990,node3,990.0
artifact691,991,node1,991,node3,991.0
artifact692,992,node1,992,node3,992.0
artifact693,993,node1,993,node3,993.0
artifact694,994,node1,994,node3,994.0
artifact695,995,node1,995,node3,995.0
artifact696,996,node1,996,node3,996.0
artifact697,997,node1,997,node3,997.0
artifact698,998,node1,998,node3,998.0
artifact699,999,node1,999,node3,999.0
artifact7,307,node1,307,node3,307.0
artifact70,370,node1,370,node3,370.0
artifact700,1000,node1,1000,node3,1000.0
artifact701,1001,node1,1001,node3,1001.0
artifact702,1002,node1,1002,node3,1002.0
artifact703,1003,node1,1003,node3,1003.0
artifact704,1004,node1,1004,node3,1004.0
artifact705,1005,node1,1005,node3,1005.0
artifact706,1006,node1,1006,node3,1006.0
artifact707,1007,node1,1007,node3,1007.0
artifact708,1008,node1,1008,node3,1008.0
artifact709,1009,node1,1009,node3,1009.0
artifact71,371,node1,371,node3,371.0
artifact710,1010,node1,1010,node3,1010.0
artifact711,1011,node1,1011,node3,1011.0
artifact712,1012,node1,1012,node3,1012.0
artifact713,1013,node1,1013,node3,1013.0
artifact714,1014,node1,1014,node3,1014.0
artifact715,1015,node1,1015,node3,1015.0
artifact716,1016,node1,1016,node3,1016.0
artifact717,1017,node1,1017,node3,1017.0
artifact718,1018,node1,1018,node3,1018.0
artifact719,1019,node1,1019,node3,1019.0
artifact72,372,node1,372,node3,372.0
artifact720,1020,node1,1020,node3,1020.0
artifact721,1021,node1,1021,node3,1021.0
artifact722,1022,node1,1022,node3,1022.0
artifact723,1023,node1,1023,node3,1023.0
artifact724,1024,node1,1024,node3,1024.0
artifact725,1025,node1,1025,node3,1025.0
artifact726,1026,node1,1026,node3,1026.0
artifact727,1027,node1,1027,node3,1027.0
artifact728,1028,node1,1028,node3,1028.0
artifact729,1029,node1,1029,node3,1029.0
artifact73,373,node1,373,node3,373.0
artifact730,1030,node1,1030,node3,1030.0
artifact731,1031,node1,1031,node3,1031.0
artifact732,1032,node1,1032,node3,1032.0
artifact733,1033,node1,1033,node3,1033.0
artifact734,1034,node1,1034,node3,1034.0
artifact735,1035,node1,1035,node3,1035.0
artifact736,1036,node1,1036,node3,1036.0
artifact737,1037,node1,1037,node3,1037.0
artifact738,1038,node1,1038,node3,1038.0
artifact739,1039,node1,1039,node3,1039.0
artifact74,374,node1,374,node3,374.0
artifact740,1040,node1,1040,node3,1040.0
artifact741,1041,node1,1041,node3,1041.0
artifact742,1042,node1,1042,node3,1042.0
artifact743,1043,node1,1043,node3,1043.0
artifact744,1044,node1,1044,node3,1044.0
artifact745,1045,node1,1045,node3,1045.0
artifact746,1046,node1,1046,node3,1046.0
artifact747,1047,node1,1047,node3,1047.0
artifact748,1048,node1,1048,node3,1048.0
artifact749,1049,node1,1049,node3,1049.0
artifact75,375,node1,375,node3,375.0
artifact750,1050,node1,1050,node3,1050.0
artifact751,1051,node1,1051,node3,1051.0
artifact752,1052,node1,1052,node3,1052.0
artifact753,1053,node1,1053,node3,1053.0
artifact754,1054,node1,1054,node3,1054.0
artifact755,1055,node1,1055,node3,1055.0
artifact756,1056,node1,1056,node3,1056.0
artifact757,1057,node1,1057,node3,1057.0
artifact758,1058,node1,1058,node3,1058.0
artifact759,1059,node1,1059,node3,1059.0
artifact76,376,node1,376,node3,376.0
artifact760,1060,node1,1060,node3,1060.0
artifact761,1061,node1,1061,node3,1061.0
artifact762,1062,node1,1062,node3,1062.0
artifact763,1063,node1,1063,node3,1063.0
artifact764,1064,node1,1064,node3,1064.0
artifact765,1065,node1,1065,node3,1065.0
artifact766,1066,node1,1066,node3,1066.0
artifact767,1067,node1,1067,node3,1067.0
artifact768,1068,node1,1068,node3,1068.0
artifact769,1069,node1,1069,node3,1069.0
artifact77,377,node1,377,node3,377.0
artifact770,1070,node1,1070,node3,1070.0
artifact771,1071,node1,1071,node3,1071.0
artifact772,1072,node1,1072,node3,1072.0
artifact773,1073,node1,1073,node3,1073.0
artifact774,1074,node1,1074,node3,1074.0
artifact775,1075,node1,1075,node3,1075.0
artifact776,1076,node1,1076,node3,1076.0
artifact777,1077,node1,1077,node3,1077.0
artifact778,1078,node1,1078,node3,1078.0
artifact779,1079,node1,1079,node3,1079.0
artifact78,378,node1,378,node3,378.0
artifact780,1080,node1,1080,node3,1080.0
artifact781,1081,node1,1081,node3,1081.0
artifact782,1082,node1,1082,node3,1082.0
artifact783,1083,node1,1083,node3,1083.0
artifact784,1084,node1,1084,node3,1084.0
artifact785,1085,node1,1085,node3,1085.0
artifact786,1086,node1,1086,node3,1086.0
artifact787,1087,node1,1087,node3,1087.0
artifact788,1088,node1,1088,node3,1088.0
artifact789,1089,node1,1089,node3,1089.0
artifact79,379,node1,379,node3,379.0
artifact790,1090,node1,1090,node3,1090.0
artifact791,1091,node1,1091,node3,1091.0
artifact792,1092,node1,1092,node3,1092.0
artifact793,1093,node1,1093,node3,1093.0
artifact794,1094,node1,1094,node3,1094.0
artifact795,1095,node1,1095,node3,1095.0
artifact796,1096,node1,1096,node3,1096.0
artifact797,1097,node1,1097,node3,1097.0
artifact798,1098,node1,1098,node3,1098.0
artifact799,1099,node1,1099,node3,1099.0
artifact8,308,node1,308,node3,308.0
artifact80,380,node1,380,node3,380.0
artifact800,1100,node1,1100,node3,1100.0
artifact801,1101,node1,1101,node3,1101.0
artifact802,1102,node1,1102,node3,1102.0
artifact803,1103,node1,1103,node3,1103.0
artifact804,1104,node1,1104,node3,1104.0
artifact805,1105,node1,1105,node3,1105.0
artifact806,1106,node1,1106,node3,1106.0
artifact807,1107,node1,1107,node3,1107.0
artifact808,1108,node1,1108,node3,1108.0
artifact809,1109,node1,1109,node3,1109.0
artifact81,381,node1,381,node3,381.0
artifact810,1110,node1,1110,node3,1110.0
artifact811,1111,node1,1111,node3,1111.0
artifact812,1112,node1,1112,node3,1112.0
artifact813,1113,node1,1113,node3,1113.0
artifact814,1114,node1,1114,node3,1114.0
artifact815,1115,node1,1115,node3,1115.0
artifact816,1116,node1,1116,node3,1116.0
artifact817,1117,node1,1117,node3,1117.0
artifact818,1118,node1,1118,node3,1118.0
artifact819,1119,node1,1119,node3,1119.0
artifact82,382,node1,382,node3,382.0
artifact820,1120,node1,1120,node3,1120.0
artifact821,1121,node1,1121,node3,1121.0
artifact822,1122,node1,1122,node3,1122.0
artifact823,1123,node1,1123,node3,1123.0
artifact824,1124,node1,1124,node3,1124.0
artifact825,1125,node1,1125,node3,1125.0
artifact826,1126,node1,1126,node3,1126.0
artifact827,1127,node1,1127,node3,1127.0
artifact828,1128,node1,1128,node3,1128.0
artifact829,1129,node1,1129,node3,1129.0
artifact83,383,node1,383,node3,383.0
artifact830,1130,node1,1130,node3,1130.0
artifact831,1131,node1,1131,node3,1131.0
artifact832,1132,node1,1132,node3,1132.0
artifact833,1133,node1,1133,node3,1133.0
artifact834,1134,node1,1134,node3,1134.0
artifact835,1135,node1,1135,node3,1135.0
artifact836,1136,node1,1136,node3,1136.0
artifact837,1137,node1,1137,node3,1137.0
artifact838,1138,node1,1138,node3,1138.0
artifact839,1139,node1,1139,node3,1139.0
artifact84,384,node1,384,node3,384.0
artifact840,1140,node1,1140,node3,1140.0
artifact841,1141,node1,1141,node3,1141.0
artifact842,1142,node1,1142,node3,1142.0
artifact843,1143,node1,1143,node3,1143.0
artifact844,1144,node1,1144,node3,1144.0
artifact845,1145,node1,1145,node3,1145.0
artifact846,1146,node1,1146,node3,1146.0
artifact847,1147,node1,1147,node3,1147.0
artifact848,1148,node1,1148,node3,1148.0
artifact849,1149,node1,1149,node3,1149.0
artifact85,385,node1,385,node3,385.0
artifact850,1150,node1,1150,node3,1150.0
artifact851,1151,node1,1151,node3,1151.0
artifact852,1152,node1,1152,node3,1152.0
artifact853,1153,node1,1153,node3,1153.0
artifact854,1154,node1,1154,node3,1154.0
artifact855,1155,node1,1155,node3,1155.0
artifact856,1156,node1,1156,node3,1156.0
artifact857,1157,node1,1157,node3,1157.0
artifact858,1158,node1,1158,node3,1158.0
artifact859,1159,node1,1159,node3,1159.0
artifact86,386,node1,386,node3,386.0
artifact860,1160,node1,1160,node3,1160.0
artifact861,1161,node1,1161,node3,1161.0
artifact862,1162,node1,1162,node3,1162.0
artifact863,1163,node1,1163,node3,1163.0
artifact864,1164,node1,1164,node3,1164.0
artifact865,1165,node1,1165,node3,1165.0
artifact866,1166,node1,1166,node3,1166.0
artifact867,1167,node1,1167,node3,1167.0
artifact868,1168,node1,1168,node3,1168.0
artifact869,1169,node1,1169,node3,1169.0
artifact87,387,node1,387,node3,387.0
artifact870,1170,node1,1170,node3,1170.0
artifact871,1171,node1,1171,node3,1171.0
artifact872,1172,node1,1172,node3,1172.0
artifact873,1173,node1,1173,node3,1173.0
artifact874,1174,node1,1174,node3,1174.0
artifact875,1175,node1,1175,node3,1175.0
artifact876,1176,node1,1176,node3,1176.0
artifact877,1177,node1,1177,node3,1177.0
artifact878,1178,node1,1178,node3,1178.0
artifact879,1179,node1,1179,node3,1179.0
artifact88,388,node1,388,node3,388.0
artifact880,1180,node1,1180,node3,1180.0
artifact881,1181,node1,1181,node3,1181.0
artifact882,1182,node1,1182,node3,1182.0
artifact883,1183,node1,1183,node3,1183.0
artifact884,1184,node1,1184,node3,1184.0
artifact885,1185,node1,1185,node3,1185.0
artifact886,1186,node1,1186,node3,1186.0
artifact887,1187,node1,1187,node3,1187.0
artifact888,1188,node1,1188,node3,1188.0
artifact889,1189,node1,1189,node3,1189.0
artifact89,389,node1,389,node3,389.0
artifact890,1190,node1,1190,node3,1190.0
artifact891,1191,node1,1191,node3,1191.0
artifact892,1192,node1,1192,node3,1192.0
artifact893,1193,node1,1193,node3,1193.0
artifact894,1194,node1,1194,node3,1194.0
artifact895,1195,node1,1195,node3,1195.0
artifact896,1196,node1,1196,node3,1196.0
artifact897,1197,node1,1197,node3,1197.0
artifact898,1198,node1,1198,node3,1198.0
artifact899,1199,node1,1199,node3,1199.0
artifact9,309,node1,309,node3,309.0
artifact90,390,node1,390,node3,390.0
artifact900,1200,node1,1200,node3,1200.0
artifact901,1201,node1,1201,node3,1201.0
artifact902,1202,node1,1202,node3,1202.0
artifact903,1203,node1,1203,node3,1203.0
artifact904,1204,node1,1204,node3,1204.0
artifact905,1205,node1,1205,node3,1205.0
artifact906,1206,node1,1206,node3,1206.0
artifact907,1207,node1,1207,node3,1207.0
artifact908,1208,node1,1208,node3,1208.0
artifact909,1209,node1,1209,node3,1209.0
artifact91,391,node1,391,node3,391.0
artifact910,1210,node1,1210,node3,1210.0
artifact911,1211,node1,1211,node3,1211.0
artifact912,1212,node1,1212,node3,1212.0
artifact913,1213,node1,1213,node3,1213.0
artifact914,1214,node1,1214,node3,1214.0
artifact915,1215,node1,1215,node3,1215.0
artifact916,1216,node1,1216,node3,1216.0
artifact917,1217,node1,1217,node3,1217.0
artifact918,1218,node1,1218,node3,1218.0
artifact919,1219,node1,1219,node3,1219.0
artifact92,392,node1,392,node3,392.0
artifact920,1220,node1,1220,node3,1220.0
artifact921,1221,node1,1221,node3,1221.0
artifact922,1222,node1,1222,node3,1222.0
artifact923,1223,node1,1223,node3,1223.0
artifact924,1224,node1,1224,node3,1224.0
artifact925,1225,node1,1225,node3,1225.0
artifact926,1226,node1,1226,node3,1226.0
artifact927,1227,node1,1227,node3,1227.0
artifact928,1228,node1,1228,node3,1228.0
artifact929,1229,node1,1229,node3,1229.0
artifact93,393,node1,393,node3,393.0
artifact930,1230,node1,1230,node3,1230.0
artifact931,1231,node1,1231,node3,1231.0
artifact932,1232,node1,1232,node3,1232.0
artifact933,1233,node1,1233,node3,1233.0
artifact934,1234,node1,1234,node3,1234.0
artifact935,1235,node1,1235,node3,1235.0
artifact936,1236,node1,1236,node3,1236.0
artifact937,1237,node1,1237,node3,1237.0
artifact938,1238,node1,1238,node3,1238.0
artifact939,1239,node1,1239,node3,1239.0
artifact94,394,node1,394,node3,394.0
artifact940,1240,node1,1240,node3,1240.0
artifact941,1241,node1,1241,node3,1241.0
artifact942,1242,node1,1242,node3,1242.0
artifact943,1243,node1,1243,node3,1243.0
artifact944,1244,node1,1244,node3,1244.0
artifact945,1245,node1,1245,node3,1245.0
artifact946,1246,node1,1246,node3,1246.0
artifact947,1247,node1,1247,node3,1247.0
artifact948,1248,node1,1248,node3,1248.0
artifact949,1249,node1,1249,node3,1249.0
artifact95,395,node1,395,node3,395.0
artifact950,1250,node1,1250,node3,1250.0
artifact951,1251,node1,1251,node3,1251.0
artifact952,1252,node1,1252,node3,1252.0
artifact953,1253,node1,1253,node3,1253.0
artifact954,1254,node1,1254,node3,1254.0
artifact955,1255,node1,1255,node3,1255.0
artifact956,1256,node1,1256,node3,1256.0
artifact957,1257,node1,1257,node3,1257.0
artifact958,1258,node1,1258,node3,1258.0
artifact959,1259,node1,1259,node3,1259.0
artifact96,396,node1,396,node3,396.0
artifact960,1260,node1,1260,node3,1260.0
artifact961,1261,node1,1261,node3,1261.0
artifact962,1262,node1,1262,node3,1262.0
artifact963,1263,node1,1263,node3,1263.0
artifact964,1264,node1,1264,node3,1264.0
artifact965,1265,node1,1265,node3,1265.0
artifact966,1266,node1,1266,node3,1266.0
artifact967,1267,node1,1267,node3,1267.0
artifact968,1268,node1,1268,node3,1268.0
artifact969,1269,node1,1269,node3,1269.0
artifact97,397,node1,397,node3,397.0
artifact970,1270,node1,1270,node3,1270.0
artifact971,1271,node1,1271,node3,1271.0
artifact972,1272,node1,1272,node3,1272.0
artifact973,1273,node1,1273,node3,1273.0
artifact974,1274,node1,1274,node3,1274.0
artifact975,1275,node1,1275,node3,1275.0
artifact976,1276,node1,1276,node3,1276.0
artifact977,1277,node1,1277,node3,1277.0
artifact978,1278,node1,1278,node3,1278.0
artifact979,1279,node1,1279,node3,1279.0
artifact98,398,node1,398,node3,398.0
artifact980,1280,node1,1280,node3,1280.0
artifact981,1281,node1,1281,node3,1281.0
artifact982,1282,node1,1282,node3,1282.0
artifact983,1283,node1,1283,node3,1283.0
artifact984,1284,node1,1284,node3,1284.0
artifact985,1285,node1,1285,node3,1285.0
artifact986,1286,node1,1286,node3,1286.0
artifact987,1287,node1,1287,node3,1287.0
artifact988,1288,node1,1288,node3,1288.0
artifact989,1289,node1,1289,node3,1289.0
artifact99,399,node1,399,node3,399.0
artifact990,1290,node1,1290,node3,1290.0
artifact991,1291,node1,1291,node3,1291.0
artifact992,1292,node1,1292,node3,1292.0
artifact993,1293,node1,1293,node3,1293.0
artifact994,1294,node1,1294,node3,1294.0
artifact995,1295,node1,1295,node3,1295.0
artifact996,1296,node1,1296,node3,1296.0
artifact997,1297,node1,1297,node3,1297.0
artifact998,1298,node1,1298,node3,1298.0
artifact999,1299,node1,1299,node3,1299.0
